-- MySQL dump 10.13  Distrib 5.6.19, for Win32 (x86)
--
-- Host: localhost    Database: kysong
-- ------------------------------------------------------
-- Server version	5.6.19

/*!40101 SET @OLD_CHARACTER_SET_CLIENT=@@CHARACTER_SET_CLIENT */;
/*!40101 SET @OLD_CHARACTER_SET_RESULTS=@@CHARACTER_SET_RESULTS */;
/*!40101 SET @OLD_COLLATION_CONNECTION=@@COLLATION_CONNECTION */;
/*!40101 SET NAMES utf8 */;
/*!40103 SET @OLD_TIME_ZONE=@@TIME_ZONE */;
/*!40103 SET TIME_ZONE='+00:00' */;
/*!40014 SET @OLD_UNIQUE_CHECKS=@@UNIQUE_CHECKS, UNIQUE_CHECKS=0 */;
/*!40014 SET @OLD_FOREIGN_KEY_CHECKS=@@FOREIGN_KEY_CHECKS, FOREIGN_KEY_CHECKS=0 */;
/*!40101 SET @OLD_SQL_MODE=@@SQL_MODE, SQL_MODE='NO_AUTO_VALUE_ON_ZERO' */;
/*!40111 SET @OLD_SQL_NOTES=@@SQL_NOTES, SQL_NOTES=0 */;

--
-- Table structure for table `comtccmmnclcode`
--

DROP TABLE IF EXISTS `comtccmmnclcode`;
/*!40101 SET @saved_cs_client     = @@character_set_client */;
/*!40101 SET character_set_client = utf8 */;
CREATE TABLE `comtccmmnclcode` (
  `CL_CODE` char(3) NOT NULL,
  `CL_CODE_NM` varchar(60) DEFAULT NULL,
  `CL_CODE_DC` varchar(200) DEFAULT NULL,
  `USE_AT` char(1) DEFAULT NULL,
  `FRST_REGIST_PNTTM` datetime DEFAULT NULL,
  `FRST_REGISTER_ID` varchar(20) DEFAULT NULL,
  `LAST_UPDT_PNTTM` datetime DEFAULT NULL,
  `LAST_UPDUSR_ID` varchar(20) DEFAULT NULL,
  PRIMARY KEY (`CL_CODE`),
  UNIQUE KEY `COMTCCMMNCLCODE_PK` (`CL_CODE`)
) ENGINE=InnoDB DEFAULT CHARSET=utf8;
/*!40101 SET character_set_client = @saved_cs_client */;

--
-- Dumping data for table `comtccmmnclcode`
--

LOCK TABLES `comtccmmnclcode` WRITE;
/*!40000 ALTER TABLE `comtccmmnclcode` DISABLE KEYS */;
INSERT INTO `comtccmmnclcode` VALUES ('EFC','전자정부 프레임워크 공통서비스','전자정부 프레임워크 공통서비스','Y','2015-01-15 13:43:57','SYSTEM','2015-01-15 13:43:57','SYSTEM');
/*!40000 ALTER TABLE `comtccmmnclcode` ENABLE KEYS */;
UNLOCK TABLES;

--
-- Table structure for table `comtccmmncode`
--

DROP TABLE IF EXISTS `comtccmmncode`;
/*!40101 SET @saved_cs_client     = @@character_set_client */;
/*!40101 SET character_set_client = utf8 */;
CREATE TABLE `comtccmmncode` (
  `CODE_ID` varchar(6) NOT NULL,
  `CODE_ID_NM` varchar(60) DEFAULT NULL,
  `CODE_ID_DC` varchar(200) DEFAULT NULL,
  `USE_AT` char(1) DEFAULT NULL,
  `CL_CODE` char(3) DEFAULT NULL,
  `FRST_REGIST_PNTTM` datetime DEFAULT NULL,
  `FRST_REGISTER_ID` varchar(20) DEFAULT NULL,
  `LAST_UPDT_PNTTM` datetime DEFAULT NULL,
  `LAST_UPDUSR_ID` varchar(20) DEFAULT NULL,
  PRIMARY KEY (`CODE_ID`),
  UNIQUE KEY `COMTCCMMNCODE_PK` (`CODE_ID`),
  KEY `COMTCCMMNCODE_i01` (`CL_CODE`),
  CONSTRAINT `comtccmmncode_ibfk_1` FOREIGN KEY (`CL_CODE`) REFERENCES `comtccmmnclcode` (`CL_CODE`)
) ENGINE=InnoDB DEFAULT CHARSET=utf8;
/*!40101 SET character_set_client = @saved_cs_client */;

--
-- Dumping data for table `comtccmmncode`
--

LOCK TABLES `comtccmmncode` WRITE;
/*!40000 ALTER TABLE `comtccmmncode` DISABLE KEYS */;
INSERT INTO `comtccmmncode` VALUES ('COM001','등록구분','게시판, 커뮤니티, 동호회 등록구분코드','Y','EFC','2015-01-15 13:43:57','SYSTEM','2015-01-15 13:43:57','SYSTEM'),('COM002','이력구분','시스템이력등록구분','Y','EFC','2015-01-15 13:43:57','SYSTEM','2015-01-15 13:43:57','SYSTEM'),('COM003','업무구분','업무구분코드','Y','EFC','2015-01-15 13:43:57','SYSTEM','2015-01-15 13:43:57','SYSTEM'),('COM004','게시판유형','게시판유형구분코드','Y','EFC','2015-01-15 13:43:57','SYSTEM','2015-01-15 13:43:57','SYSTEM'),('COM005','템플릿유형','템플릿유형구분코드','Y','EFC','2015-01-15 13:43:57','SYSTEM','2015-01-15 13:43:57','SYSTEM'),('COM006','승인유형','동호회, 커뮤니티 승인 유형','Y','EFC','2015-01-15 13:43:57','SYSTEM','2015-01-15 13:43:57','SYSTEM'),('COM007','승인상태','동호회, 커뮤니티 승인 상태','Y','EFC','2015-01-15 13:43:57','SYSTEM','2015-01-15 13:43:57','SYSTEM'),('COM008','처리상태','송수신 요청의 처리상태','Y','EFC','2015-01-15 13:43:57','SYSTEM','2015-01-15 13:43:57','SYSTEM'),('COM009','게시판속성','게시판 속성','Y','EFC','2015-01-15 13:43:57','SYSTEM','2015-01-15 13:43:57','SYSTEM'),('COM010','권한유형','시스템을 사용하기 위한 권한 구분','Y','EFC','2015-01-15 13:43:57','SYSTEM','2015-01-15 13:43:57','SYSTEM'),('COM011','롤유형','시스템의 기능을 사용하기 위한 롤 구분','Y','EFC','2015-01-15 13:43:57','SYSTEM','2015-01-15 13:43:57','SYSTEM'),('COM012','회원유형','일반/기업/업무담당자를 구현하기 위한 사용자 구분','Y','EFC','2015-01-15 13:43:57','SYSTEM','2015-01-15 13:43:57','SYSTEM'),('COM013','회원상태','회원 가입 신청/승인/삭제를 위한 상태 구분','Y','EFC','2015-01-15 13:43:57','SYSTEM','2015-01-15 13:43:57','SYSTEM'),('COM014','성별구분','남녀 성별 구분','Y','EFC','2015-01-15 13:43:57','SYSTEM','2015-01-15 13:43:57','SYSTEM'),('COM015','인증방식유형','주민등록번호 인증, Gpin 인증과 같은 사용자 인증 구분','Y','EFC','2015-01-15 13:43:57','SYSTEM','2015-01-15 13:43:57','SYSTEM'),('COM016','변경요청처리 상태','프로그램 변경의 요청/처리 등의 변경요청 상태 구분','Y','EFC','2015-01-15 13:43:57','SYSTEM','2015-01-15 13:43:57','SYSTEM'),('COM017','휴일구분','휴일의 구분','Y','EFC','2015-01-15 13:43:57','SYSTEM','2015-01-15 13:43:57','SYSTEM'),('COM018','질문유형','질문유형 객관식/주관식 상태구분','Y','EFC','2015-01-15 13:43:57','SYSTEM','2015-01-15 13:43:57','SYSTEM'),('COM019','일정중요도','일정중요도 낮음/보통/높음 상태구분','Y','EFC','2015-01-15 13:43:57','SYSTEM','2015-01-15 13:43:57','SYSTEM'),('COM020','일정구분','일정구분 부서일지정보/일지정보 상태구분','Y','EFC','2015-01-15 13:43:57','SYSTEM','2015-01-15 13:43:57','SYSTEM'),('COM021','도움말구분','도움말 설명 구분코드','Y','EFC','2015-01-15 13:43:57','SYSTEM','2015-01-15 13:43:57','SYSTEM'),('COM022','비밀번호 힌트','비밀번호 힌트 구분코드','Y','EFC','2015-01-15 13:43:57','SYSTEM','2015-01-15 13:43:57','SYSTEM'),('COM023','사이트주제분류','사이트주제분류 설명 구분코드','Y','EFC','2015-01-15 13:43:58','SYSTEM','2015-01-15 13:43:58','SYSTEM'),('COM024','발송결과구분','발송메일 수신결과 구분 코드','Y','EFC','2015-01-15 13:43:58','SYSTEM','2015-01-15 13:43:58','SYSTEM'),('COM025','소속기관','소속기관정보를 관리할때 사용하는 구분코드(시스템별로 재정의)','Y','EFC','2015-01-15 13:43:58','SYSTEM','2015-01-15 13:43:58','SYSTEM'),('COM026','기업구분','기업구분정보를 관리할때 사용하는 구분코드(시스템별로 재정의)','Y','EFC','2015-01-15 13:43:58','SYSTEM','2015-01-15 13:43:58','SYSTEM'),('COM027','업종','대표업종코드(시스템별로 재정의)','Y','EFC','2015-01-15 13:43:58','SYSTEM','2015-01-15 13:43:58','SYSTEM'),('COM028','질의응답처리상태','Q/A 처리상태코드','Y','EFC','2015-01-15 13:43:58','SYSTEM','2015-01-15 13:43:58','SYSTEM'),('COM029','롤유형코드','','Y','EFC','2015-01-15 13:43:58','SYSTEM','2015-01-15 13:43:58','SYSTEM'),('COM030','일정구분','일정구분 코드','Y','EFC','2015-01-15 13:43:58','SYSTEM','2015-01-15 13:43:58','SYSTEM'),('COM031','반복구분','일정 반복구분 코드','Y','EFC','2015-01-15 13:43:58','SYSTEM','2015-01-15 13:43:58','SYSTEM'),('COM032','작업유형','승인이력 작업유형','Y','EFC','2015-01-15 13:43:58','SYSTEM','2015-01-15 13:43:58','SYSTEM'),('COM033','시스템로그구분','','Y','EFC','2015-01-15 13:43:58','SYSTEM','2015-01-15 13:43:58','SYSTEM'),('COM034','직업유형','직업유형코드','Y','EFC','2015-01-15 13:43:58','SYSTEM','2015-01-15 13:43:58','SYSTEM'),('COM035','행사유형','행사/이벤트/캠페인 구분','Y','EFC','2015-01-15 13:43:58','SYSTEM','2015-01-15 13:43:58','SYSTEM'),('COM036','보고서 진행상태코드','보고서의 진행상태를 코드화 하여 관리한다.','Y','EFC','2015-01-15 13:43:58','SYSTEM','2015-01-15 13:43:58','SYSTEM'),('COM038','온라인POLL페기유무','온라인POLL-온라인POLL페기유무','Y','EFC','2015-01-15 13:43:58','SYSTEM','2015-01-15 13:43:58','SYSTEM'),('COM039','온라인POLL구분','온라인POLL-온온라인POLL구분','Y','EFC','2015-01-15 13:43:58','SYSTEM','2015-01-15 13:43:58','SYSTEM'),('COM040','보고서 종류코드','보고서 종류코드','Y','EFC','2015-01-15 13:43:58','SYSTEM','2015-01-15 13:43:58','SYSTEM'),('COM041','온라인메뉴얼구분','온라인메누얼-온라인메뉴얼구분','Y','EFC','2015-01-15 13:43:58','SYSTEM','2015-01-15 13:43:58','SYSTEM'),('COM042','보고서통계기간구분','보고서통계기간구분','Y','EFC','2015-01-15 13:43:58','SYSTEM','2015-01-15 13:43:58','SYSTEM'),('COM043','기관코드변경구분','기관코드변경구분','Y','EFC','2015-01-15 13:43:58','SYSTEM','2015-01-15 13:43:58','SYSTEM'),('COM044','기관코드수신처리구분','기관코드수신처리구분','Y','EFC','2015-01-15 13:43:58','SYSTEM','2015-01-15 13:43:58','SYSTEM'),('COM045','사용여부','사용여부','Y','EFC','2015-01-15 13:43:58','SYSTEM','2015-01-15 13:43:58','SYSTEM'),('COM046','모니터링상태구분','모니터링상태구분','Y','EFC','2015-01-15 13:43:58','SYSTEM','2015-01-15 13:43:58','SYSTEM'),('COM047','실행주기구분','실행주기구분','Y','EFC','2015-01-15 13:43:58','SYSTEM','2015-01-15 13:43:58','SYSTEM'),('COM048','DBMS종류','DBMS종류','Y','EFC','2015-01-15 13:43:58','SYSTEM','2015-01-15 13:43:58','SYSTEM'),('COM049','압축구분','압축구분','Y','EFC','2015-01-15 13:43:58','SYSTEM','2015-01-15 13:43:58','SYSTEM'),('COM050','수신구분','쪽지관리','Y','EFC','2015-01-15 13:43:58','SYSTEM','2015-01-15 13:43:58','SYSTEM'),('COM051','승인여부','승인여부구분코드','Y','EFC','2015-01-15 13:43:58','SYSTEM','2015-01-15 13:43:58','SYSTEM'),('COM052','달력구분','달력구분','Y','EFC','2015-01-15 13:43:58','SYSTEM','2015-01-15 13:43:58','SYSTEM'),('COM053','행사구분','행사구분','Y','EFC','2015-01-15 13:43:58','SYSTEM','2015-01-15 13:43:58','SYSTEM'),('COM054','경조구분','경조구분','Y','EFC','2015-01-15 13:43:58','SYSTEM','2015-01-15 13:43:58','SYSTEM'),('COM055','포상구분','포상구분','Y','EFC','2015-01-15 13:43:58','SYSTEM','2015-01-15 13:43:58','SYSTEM'),('COM056','휴가구분','휴가구분','Y','EFC','2015-01-15 13:43:58','SYSTEM','2015-01-15 13:43:58','SYSTEM'),('COM057','일정구분','일정구분','Y','EFC','2015-01-15 13:43:58','SYSTEM','2015-01-15 13:43:58','SYSTEM'),('COM058','반복구분코드','반복구분코드','Y','EFC','2015-01-15 13:43:58','SYSTEM','2015-01-15 13:43:58','SYSTEM'),('COM059','우선순위','우선순위','Y','EFC','2015-01-15 13:43:58','SYSTEM','2015-01-15 13:43:58','SYSTEM'),('COM060','보고서구분','보고서구분','Y','EFC','2015-01-15 13:43:58','SYSTEM','2015-01-15 13:43:58','SYSTEM'),('COM061','간부상태','간부상태','Y','EFC','2015-01-15 13:43:58','SYSTEM','2015-01-15 13:43:58','SYSTEM'),('COM062',' HTTP상태코드','HTTP상태코드','Y','EFC','2015-01-15 13:43:58','SYSTEM','2015-01-15 13:43:58','SYSTEM'),('COM063','상태관리','상태관리','Y','EFC','2015-01-15 13:43:58','SYSTEM','2015-01-15 13:43:58','SYSTEM'),('COM064','서버종류코드','서버종류코드','Y','EFC','2015-01-15 13:43:58','SYSTEM','2015-01-15 13:43:58','SYSTEM'),('COM065','장애종류코드','장애종류코드','Y','EFC','2015-01-15 13:43:58','SYSTEM','2015-01-15 13:43:58','SYSTEM'),('COM066','서버자원종류','서버자원종류','Y','EFC','2015-01-15 13:43:58','SYSTEM','2015-01-15 13:43:58','SYSTEM'),('COM067','네트워크관리항목','네트워크관리항목','Y','EFC','2015-01-15 13:43:58','SYSTEM','2015-01-15 13:43:58','SYSTEM'),('COM068','처리상태코드','처리상태코드','Y','EFC','2015-01-15 13:43:58','SYSTEM','2015-01-15 13:43:58','SYSTEM'),('COM069','기념일구분','기념일구분','Y','EFC','2015-01-15 13:43:58','SYSTEM','2015-01-15 13:43:58','SYSTEM'),('COM070','위치구분','회의실 위치구분','Y','EFC','2015-01-15 13:43:58','SYSTEM','2015-01-15 13:43:58','SYSTEM'),('COM071','당직체크구분','당직체크구분','Y','EFC','2015-01-15 13:43:59','SYSTEM','2015-01-15 13:43:59','SYSTEM'),('COM072','서비스상태','서비스상태','Y','EFC','2015-01-15 13:43:59','SYSTEM','2015-01-15 13:43:59','SYSTEM'),('COM073','가족관계','가족관계','Y','EFC','2015-01-15 13:43:59','SYSTEM','2015-01-15 13:43:59','SYSTEM'),('COM074','요일구분','요일구분','Y','EFC','2015-01-15 13:43:59','SYSTEM','2015-01-15 13:43:59','SYSTEM'),('COM075','업무구분코드','업무구분코드','Y','EFC','2015-01-15 13:43:59','SYSTEM','2015-01-15 13:43:59','SYSTEM'),('COM076','실행상태구분','실행상태구분','Y','EFC','2015-01-15 13:43:59','SYSTEM','2015-01-15 13:43:59','SYSTEM');
/*!40000 ALTER TABLE `comtccmmncode` ENABLE KEYS */;
UNLOCK TABLES;

--
-- Table structure for table `comtccmmndetailcode`
--

DROP TABLE IF EXISTS `comtccmmndetailcode`;
/*!40101 SET @saved_cs_client     = @@character_set_client */;
/*!40101 SET character_set_client = utf8 */;
CREATE TABLE `comtccmmndetailcode` (
  `CODE_ID` varchar(6) NOT NULL,
  `CODE` varchar(15) NOT NULL,
  `CODE_NM` varchar(60) DEFAULT NULL,
  `CODE_DC` varchar(200) DEFAULT NULL,
  `USE_AT` char(1) DEFAULT NULL,
  `FRST_REGIST_PNTTM` datetime DEFAULT NULL,
  `FRST_REGISTER_ID` varchar(20) DEFAULT NULL,
  `LAST_UPDT_PNTTM` datetime DEFAULT NULL,
  `LAST_UPDUSR_ID` varchar(20) DEFAULT NULL,
  PRIMARY KEY (`CODE_ID`,`CODE`),
  UNIQUE KEY `COMTCCMMNDETAILCODE_PK` (`CODE_ID`,`CODE`),
  KEY `COMTCCMMNDETAILCODE_i01` (`CODE_ID`),
  CONSTRAINT `comtccmmndetailcode_ibfk_1` FOREIGN KEY (`CODE_ID`) REFERENCES `comtccmmncode` (`CODE_ID`)
) ENGINE=InnoDB DEFAULT CHARSET=utf8;
/*!40101 SET character_set_client = @saved_cs_client */;

--
-- Dumping data for table `comtccmmndetailcode`
--

LOCK TABLES `comtccmmndetailcode` WRITE;
/*!40000 ALTER TABLE `comtccmmndetailcode` DISABLE KEYS */;
INSERT INTO `comtccmmndetailcode` VALUES ('COM001','REGC01','단일 게시판 이용등록','단일 게시판 이용등록','Y','2015-01-15 13:43:59','SYSTEM','2015-01-15 13:43:59','SYSTEM'),('COM001','REGC02','커뮤니티 등록','커뮤니티 등록','Y','2015-01-15 13:43:59','SYSTEM','2015-01-15 13:43:59','SYSTEM'),('COM001','REGC03','동호회 등록','동호회 등록','Y','2015-01-15 13:43:59','SYSTEM','2015-01-15 13:43:59','SYSTEM'),('COM001','REGC04','명함등록','명함등록','Y','2015-01-15 13:43:59','SYSTEM','2015-01-15 13:43:59','SYSTEM'),('COM001','REGC05','동호회 게시판 등록','동호회 게시판 등록','Y','2015-01-15 13:43:59','SYSTEM','2015-01-15 13:43:59','SYSTEM'),('COM001','REGC06','커뮤니티 게시판 등록','커뮤니티 게시판 등록','Y','2015-01-15 13:43:59','SYSTEM','2015-01-15 13:43:59','SYSTEM'),('COM001','REGC07','게시판사용자등록','게시판사용자등록','Y','2015-01-15 13:43:59','SYSTEM','2015-01-15 13:43:59','SYSTEM'),('COM002','HIST01','소프트웨어패치','소프트웨어패치','Y','2015-01-15 13:43:59','SYSTEM','2015-01-15 13:43:59','SYSTEM'),('COM002','HIST02','소프트웨어설치','소프트웨어설치','Y','2015-01-15 13:43:59','SYSTEM','2015-01-15 13:43:59','SYSTEM'),('COM002','HIST03','소프트웨어삭제','소프트웨어삭제','Y','2015-01-15 13:43:59','SYSTEM','2015-01-15 13:43:59','SYSTEM'),('COM002','HIST04','하드웨어업그레이드','하드웨어업그레이드','Y','2015-01-15 13:44:00','SYSTEM','2015-01-15 13:44:00','SYSTEM'),('COM002','HIST05','하드웨어삭제','하드웨어삭제','Y','2015-01-15 13:44:00','SYSTEM','2015-01-15 13:44:00','SYSTEM'),('COM003','BBS','게시판','게시판','Y','2015-01-15 13:44:00','SYSTEM','2015-01-15 13:44:00','SYSTEM'),('COM003','CLB','동호회','동호회','Y','2015-01-15 13:44:00','SYSTEM','2015-01-15 13:44:00','SYSTEM'),('COM003','CMY','커뮤니티','커뮤니티','Y','2015-01-15 13:44:00','SYSTEM','2015-01-15 13:44:00','SYSTEM'),('COM003','NCD','명함','명함','Y','2015-01-15 13:44:00','SYSTEM','2015-01-15 13:44:00','SYSTEM'),('COM004','BBST01','일반게시판','일반게시판','Y','2015-01-15 13:44:00','SYSTEM','2015-01-15 13:44:00','SYSTEM'),('COM004','BBST02','익명게시판','익명게시판','Y','2015-01-15 13:44:00','SYSTEM','2015-01-15 13:44:00','SYSTEM'),('COM004','BBST03','공지게시판','공지게시판','Y','2015-01-15 13:44:00','SYSTEM','2015-01-15 13:44:00','SYSTEM'),('COM004','BBST04','방명록','방명록','Y','2015-01-15 13:44:00','SYSTEM','2015-01-15 13:44:00','SYSTEM'),('COM005','TMPT01','게시판템플릿','게시판템플릿','Y','2015-01-15 13:44:00','SYSTEM','2015-01-15 13:44:00','SYSTEM'),('COM005','TMPT02','커뮤니티템플릿','커뮤니티템플릿','Y','2015-01-15 13:44:00','SYSTEM','2015-01-15 13:44:00','SYSTEM'),('COM005','TMPT03','동호회템플릿','동호회템플릿','Y','2015-01-15 13:44:00','SYSTEM','2015-01-15 13:44:00','SYSTEM'),('COM006','CF01','커뮤니티등록','커뮤니티등록','Y','2015-01-15 13:44:00','SYSTEM','2015-01-15 13:44:00','SYSTEM'),('COM006','CF02','커뮤니티삭제','커뮤니티삭제','Y','2015-01-15 13:44:00','SYSTEM','2015-01-15 13:44:00','SYSTEM'),('COM006','CF03','동호회등록','동호회등록','Y','2015-01-15 13:44:00','SYSTEM','2015-01-15 13:44:00','SYSTEM'),('COM006','CF04','동호회삭제','동호회삭제','Y','2015-01-15 13:44:00','SYSTEM','2015-01-15 13:44:00','SYSTEM'),('COM006','CF05','커뮤니티운영자등록','커뮤니티운영자등록','Y','2015-01-15 13:44:00','SYSTEM','2015-01-15 13:44:00','SYSTEM'),('COM006','CF06','커뮤니티운영자삭제','커뮤니티운영자삭제','Y','2015-01-15 13:44:00','SYSTEM','2015-01-15 13:44:00','SYSTEM'),('COM006','CF07','동호회운영자등록','동호회운영자등록','Y','2015-01-15 13:44:00','SYSTEM','2015-01-15 13:44:00','SYSTEM'),('COM006','CF08','동호회운영자삭제','동호회운영자삭제','Y','2015-01-15 13:44:00','SYSTEM','2015-01-15 13:44:00','SYSTEM'),('COM006','CF09','게시판이용등록','게시판이용등록','Y','2015-01-15 13:44:00','SYSTEM','2015-01-15 13:44:00','SYSTEM'),('COM006','CF10','게시판삭제','게시판삭제','Y','2015-01-15 13:44:00','SYSTEM','2015-01-15 13:44:00','SYSTEM'),('COM006','CF11','커뮤니티사용자등록','커뮤니티사용자등록','Y','2015-01-15 13:44:00','SYSTEM','2015-01-15 13:44:00','SYSTEM'),('COM006','CF12','커뮤니티사용자탈퇴','커뮤니티사용자탈퇴','Y','2015-01-15 13:44:00','SYSTEM','2015-01-15 13:44:00','SYSTEM'),('COM006','CF13','동호회사용자등록','동호회사용자등록','Y','2015-01-15 13:44:00','SYSTEM','2015-01-15 13:44:00','SYSTEM'),('COM006','CF14','동호회사용자탈퇴','동호회사용자탈퇴','Y','2015-01-15 13:44:00','SYSTEM','2015-01-15 13:44:00','SYSTEM'),('COM007','AP01','승인요청','승인요청','Y','2015-01-15 13:44:00','SYSTEM','2015-01-15 13:44:00','SYSTEM'),('COM007','AP02','승인허가','승인허가','Y','2015-01-15 13:44:00','SYSTEM','2015-01-15 13:44:00','SYSTEM'),('COM007','AP03','승인반려','승인반려','Y','2015-01-15 13:44:00','SYSTEM','2015-01-15 13:44:00','SYSTEM'),('COM008','S01','전송요청','전송요청','Y','2015-01-15 13:44:00','SYSTEM','2015-01-15 13:44:00','SYSTEM'),('COM008','S02','전송완료','전송완료','Y','2015-01-15 13:44:00','SYSTEM','2015-01-15 13:44:00','SYSTEM'),('COM008','S03','전송실패','전송실패','Y','2015-01-15 13:44:00','SYSTEM','2015-01-15 13:44:00','SYSTEM'),('COM008','S04','수신요청','수신요청','Y','2015-01-15 13:44:00','SYSTEM','2015-01-15 13:44:00','SYSTEM'),('COM008','S05','수신완료','수신완료','Y','2015-01-15 13:44:00','SYSTEM','2015-01-15 13:44:00','SYSTEM'),('COM008','S06','수신실패','수신실패','Y','2015-01-15 13:44:00','SYSTEM','2015-01-15 13:44:00','SYSTEM'),('COM009','BBSA01','유효게시판','유효게시판','Y','2015-01-15 13:44:00','SYSTEM','2015-01-15 13:44:00','SYSTEM'),('COM009','BBSA02','갤러리','갤러리','Y','2015-01-15 13:44:00','SYSTEM','2015-01-15 13:44:00','SYSTEM'),('COM009','BBSA03','일반게시판','일반게시판','Y','2015-01-15 13:44:00','SYSTEM','2015-01-15 13:44:00','SYSTEM'),('COM010','PRVA001','어플리케이션 관련 권한','어플리케이션 관련 권한','Y','2015-01-15 13:44:00','SYSTEM','2015-01-15 13:44:00','SYSTEM'),('COM010','PRVB001','게시판 관련 권한','게시판 관련 권한','Y','2015-01-15 13:44:00','SYSTEM','2015-01-15 13:44:00','SYSTEM'),('COM010','PRVC001','커뮤니티 관련 권한','커뮤니티 관련 권한','Y','2015-01-15 13:44:00','SYSTEM','2015-01-15 13:44:00','SYSTEM'),('COM010','PRVD001','데이터베이스 관련 권한','데이터베이스 관련 권한','Y','2015-01-15 13:44:00','SYSTEM','2015-01-15 13:44:00','SYSTEM'),('COM010','PRVS001','시스템 관련 권한(최상위 권한)','시스템 관련 권한(최상위 권한)','Y','2015-01-15 13:44:00','SYSTEM','2015-01-15 13:44:00','SYSTEM'),('COM010','PRVU001','사용자 관련 권한','사용자 관련 권한','Y','2015-01-15 13:44:00','SYSTEM','2015-01-15 13:44:00','SYSTEM'),('COM011','ROLA001','어플리케이션 관련 최상위 롤','어플리케이션 관련 최상위 롤','Y','2015-01-15 13:44:01','SYSTEM','2015-01-15 13:44:01','SYSTEM'),('COM011','ROLA002','업무 어플리케이션 접근 롤','업무 어플리케이션 접근 롤','Y','2015-01-15 13:44:01','SYSTEM','2015-01-15 13:44:01','SYSTEM'),('COM011','ROLA003','업무 어플리케이션 관리 롤','업무 어플리케이션 관리 롤','Y','2015-01-15 13:44:01','SYSTEM','2015-01-15 13:44:01','SYSTEM'),('COM011','ROLA004','일반 어플리케이션 접근 롤','일반 어플리케이션 접근 롤','Y','2015-01-15 13:44:01','SYSTEM','2015-01-15 13:44:01','SYSTEM'),('COM011','ROLA005','일반 어프리케이션 관리 롤','일반 어프리케이션 관리 롤','Y','2015-01-15 13:44:01','SYSTEM','2015-01-15 13:44:01','SYSTEM'),('COM011','ROLA006','어플리케이션 약관 관리 롤','어플리케이션 약관 관리 롤','Y','2015-01-15 13:44:01','SYSTEM','2015-01-15 13:44:01','SYSTEM'),('COM011','ROLA007','어플리케이션 저작권 관리 롤','어플리케이션 저작권 관리 롤','Y','2015-01-15 13:44:01','SYSTEM','2015-01-15 13:44:01','SYSTEM'),('COM011','ROLA008','통계 및 보고서 접근 롤','통계 및 보고서 접근 롤','Y','2015-01-15 13:44:01','SYSTEM','2015-01-15 13:44:01','SYSTEM'),('COM011','ROLB001','게시판 관련 최상위 롤','게시판 관련 최상위 롤','Y','2015-01-15 13:44:01','SYSTEM','2015-01-15 13:44:01','SYSTEM'),('COM011','ROLB002','게시판 생성 롤','게시판 생성 롤','Y','2015-01-15 13:44:01','SYSTEM','2015-01-15 13:44:01','SYSTEM'),('COM011','ROLB003','게시판 접근 롤','게시판 접근 롤','Y','2015-01-15 13:44:01','SYSTEM','2015-01-15 13:44:01','SYSTEM'),('COM011','ROLB004','게시판 글쓰기 롤','게시판 글쓰기 롤','Y','2015-01-15 13:44:01','SYSTEM','2015-01-15 13:44:01','SYSTEM'),('COM011','ROLB005','게시판 글 수정/삭제 롤','게시판 글 수정/삭제 롤','Y','2015-01-15 13:44:01','SYSTEM','2015-01-15 13:44:01','SYSTEM'),('COM011','ROLC001','커뮤니티 관련 최상위 롤','커뮤니티 관련 최상위 롤','Y','2015-01-15 13:44:01','SYSTEM','2015-01-15 13:44:01','SYSTEM'),('COM011','ROLC002','커뮤니티 생성 롤','커뮤니티 생성 롤','Y','2015-01-15 13:44:01','SYSTEM','2015-01-15 13:44:01','SYSTEM'),('COM011','ROLC003','커뮤니티 접근 롤','커뮤니티 접근 롤','Y','2015-01-15 13:44:01','SYSTEM','2015-01-15 13:44:01','SYSTEM'),('COM011','ROLC004','커뮤니티 글쓰기 롤','커뮤니티 글쓰기 롤','Y','2015-01-15 13:44:01','SYSTEM','2015-01-15 13:44:01','SYSTEM'),('COM011','ROLC005','커뮤니티 글 수정/삭제 롤','커뮤니티 글 수정/삭제 롤','Y','2015-01-15 13:44:01','SYSTEM','2015-01-15 13:44:01','SYSTEM'),('COM011','ROLC006','파일 업로드 롤','파일 업로드 롤','Y','2015-01-15 13:44:01','SYSTEM','2015-01-15 13:44:01','SYSTEM'),('COM011','ROLD001','데이터베이스 관련 최상위 롤','데이터베이스 관련 최상위 롤','Y','2015-01-15 13:44:00','SYSTEM','2015-01-15 13:44:00','SYSTEM'),('COM011','ROLD002','데이터베이스 스키마 등록/변경 롤','데이터베이스 스키마 등록/변경 롤','Y','2015-01-15 13:44:00','SYSTEM','2015-01-15 13:44:00','SYSTEM'),('COM011','ROLD003','데이터 조회 롤','데이터 조회 롤','Y','2015-01-15 13:44:00','SYSTEM','2015-01-15 13:44:00','SYSTEM'),('COM011','ROLD004','데이터 등록/변경 롤','데이터 등록/변경 롤','Y','2015-01-15 13:44:00','SYSTEM','2015-01-15 13:44:00','SYSTEM'),('COM011','ROLS001','시스템 관리 최상위 롤','시스템 관리 최상위 롤','Y','2015-01-15 13:44:00','SYSTEM','2015-01-15 13:44:00','SYSTEM'),('COM011','ROLS002','시스템 접근(view) 롤','시스템 접근(view) 롤','Y','2015-01-15 13:44:00','SYSTEM','2015-01-15 13:44:00','SYSTEM'),('COM011','ROLS003','시스템 설정 등록/변경 롤','시스템 설정 등록/변경 롤','Y','2015-01-15 13:44:00','SYSTEM','2015-01-15 13:44:00','SYSTEM'),('COM011','ROLS004','시스템 파일 등록/변경 롤','시스템 파일 등록/변경 롤','Y','2015-01-15 13:44:00','SYSTEM','2015-01-15 13:44:00','SYSTEM'),('COM011','ROLU001','사용자 관련 최상위 롤','사용자 관련 최상위 롤','Y','2015-01-15 13:44:01','SYSTEM','2015-01-15 13:44:01','SYSTEM'),('COM011','ROLU002','업무 시스템 사용자 관리 롤','업무 시스템 사용자 관리 롤','Y','2015-01-15 13:44:01','SYSTEM','2015-01-15 13:44:01','SYSTEM'),('COM011','ROLU003','기업회원 시스템 사용자 관리 롤','기업회원 시스템 사용자 관리 롤','Y','2015-01-15 13:44:01','SYSTEM','2015-01-15 13:44:01','SYSTEM'),('COM011','ROLU004','일반회원 시스템 사용자 관리 롤','일반회원 시스템 사용자 관리 롤','Y','2015-01-15 13:44:01','SYSTEM','2015-01-15 13:44:01','SYSTEM'),('COM011','ROLU005','게시판 사용자 관리 롤','게시판 사용자 관리 롤','Y','2015-01-15 13:44:01','SYSTEM','2015-01-15 13:44:01','SYSTEM'),('COM011','ROLU006','커뮤니티 사용자 관리 롤','커뮤니티 사용자 관리 롤','Y','2015-01-15 13:44:01','SYSTEM','2015-01-15 13:44:01','SYSTEM'),('COM012','USR01','일반 회원 유형','일반 회원 유형','Y','2015-01-15 13:44:01','SYSTEM','2015-01-15 13:44:01','SYSTEM'),('COM012','USR02','기업 회원 유형','기업 회원 유형','Y','2015-01-15 13:44:01','SYSTEM','2015-01-15 13:44:01','SYSTEM'),('COM012','USR03','업무 담당자(사용자) 유형','업무 담당자(사용자) 유형','Y','2015-01-15 13:44:01','SYSTEM','2015-01-15 13:44:01','SYSTEM'),('COM012','USR99','사용자 유형 최상위 롤','사용자 유형 최상위 롤','Y','2015-01-15 13:44:01','SYSTEM','2015-01-15 13:44:01','SYSTEM'),('COM013','A','회원 가입 신청 상태','회원 가입 신청 상태','Y','2015-01-15 13:44:01','SYSTEM','2015-01-15 13:44:01','SYSTEM'),('COM013','D','회원 가입 삭제 상태','회원 가입 삭제 상태','Y','2015-01-15 13:44:01','SYSTEM','2015-01-15 13:44:01','SYSTEM'),('COM013','P','회원 가입 승인 상태','회원 가입 승인 상태','Y','2015-01-15 13:44:01','SYSTEM','2015-01-15 13:44:01','SYSTEM'),('COM014','F','여자','여자','Y','2015-01-15 13:44:01','SYSTEM','2015-01-15 13:44:01','SYSTEM'),('COM014','M','남자','남자','Y','2015-01-15 13:44:01','SYSTEM','2015-01-15 13:44:01','SYSTEM'),('COM015','ATH01','주민등록번호 인증','주민등록번호 인증','Y','2015-01-15 13:44:01','SYSTEM','2015-01-15 13:44:01','SYSTEM'),('COM015','ATH02','GPIN 인증','GPIN 인증','Y','2015-01-15 13:44:01','SYSTEM','2015-01-15 13:44:01','SYSTEM'),('COM016','PUR01','프로그램 변경 요청 신청','프로그램 변경 요청 신청','Y','2015-01-15 13:44:01','SYSTEM','2015-01-15 13:44:01','SYSTEM'),('COM016','PUR02','프로그램 변경 요청 수락','프로그램 변경 요청 수락','Y','2015-01-15 13:44:01','SYSTEM','2015-01-15 13:44:01','SYSTEM'),('COM016','PUR03','프로그램 변경 진행','프로그램 변경 진행','Y','2015-01-15 13:44:01','SYSTEM','2015-01-15 13:44:01','SYSTEM'),('COM016','PUR04','프로그램 변경 완료','프로그램 변경 완료','Y','2015-01-15 13:44:01','SYSTEM','2015-01-15 13:44:01','SYSTEM'),('COM016','PUR05','프로그램 변경 이관','프로그램 변경 이관','Y','2015-01-15 13:44:01','SYSTEM','2015-01-15 13:44:01','SYSTEM'),('COM017','01','법정휴일','법정휴일','Y','2015-01-15 13:44:01','SYSTEM','2015-01-15 13:44:01','SYSTEM'),('COM017','02','법정공휴일','법정공휴일','Y','2015-01-15 13:44:01','SYSTEM','2015-01-15 13:44:01','SYSTEM'),('COM017','03','임시공휴일','임시공휴일','Y','2015-01-15 13:44:01','SYSTEM','2015-01-15 13:44:01','SYSTEM'),('COM018','1','객관식','객관식','Y','2015-01-15 13:44:01','SYSTEM','2015-01-15 13:44:01','SYSTEM'),('COM018','2','주관식','주관식','Y','2015-01-15 13:44:01','SYSTEM','2015-01-15 13:44:01','SYSTEM'),('COM019','A','높음','높음','Y','2015-01-15 13:44:01','SYSTEM','2015-01-15 13:44:01','SYSTEM'),('COM019','B','보통','보통','Y','2015-01-15 13:44:01','SYSTEM','2015-01-15 13:44:01','SYSTEM'),('COM019','C','낮음','낮음','Y','2015-01-15 13:44:01','SYSTEM','2015-01-15 13:44:01','SYSTEM'),('COM020','1','부서일정관리','부서일정관리','Y','2015-01-15 13:44:01','SYSTEM','2015-01-15 13:44:01','SYSTEM'),('COM020','2','일정관리','일정관리','Y','2015-01-15 13:44:01','SYSTEM','2015-01-15 13:44:01','SYSTEM'),('COM021','1','기능설명','기능설명','Y','2015-01-15 13:44:01','SYSTEM','2015-01-15 13:44:01','SYSTEM'),('COM021','2','절차설명','절차설명','Y','2015-01-15 13:44:01','SYSTEM','2015-01-15 13:44:01','SYSTEM'),('COM022',' P01','가장 기억에 남는 장소는?','가장 기억에 남는 장소는?','Y','2015-01-15 13:44:02','SYSTEM','2015-01-15 13:44:02','SYSTEM'),('COM022',' P02','나의 좌우명은?','나의 좌우명은?','Y','2015-01-15 13:44:02','SYSTEM','2015-01-15 13:44:02','SYSTEM'),('COM022',' P03','나의 보물 제1호는?','나의 보물 제1호는?','Y','2015-01-15 13:44:02','SYSTEM','2015-01-15 13:44:02','SYSTEM'),('COM022',' P04','가장 기억에 남는 선생님 성함은?','가장 기억에 남는 선생님 성함은?','Y','2015-01-15 13:44:02','SYSTEM','2015-01-15 13:44:02','SYSTEM'),('COM022',' P05','다른 사람은 모르는 나만의 신체비밀은?','다른 사람은 모르는 나만의 신체비밀은?','Y','2015-01-15 13:44:02','SYSTEM','2015-01-15 13:44:02','SYSTEM'),('COM022',' P06','오래도록 기억하고 싶은 날짜는?','오래도록 기억하고 싶은 날짜는?','Y','2015-01-15 13:44:02','SYSTEM','2015-01-15 13:44:02','SYSTEM'),('COM022',' P07','받았던 선물 중 기억에 남는 독특한 선물은?','받았던 선물 중 기억에 남는 독특한 선물은?','Y','2015-01-15 13:44:02','SYSTEM','2015-01-15 13:44:02','SYSTEM'),('COM022',' P08','가장 생각나는 친구 이름은?','가장 생각나는 친구 이름은?','Y','2015-01-15 13:44:02','SYSTEM','2015-01-15 13:44:02','SYSTEM'),('COM022',' P09','인상 깊게 읽은 책 이름은?','인상 깊게 읽은 책 이름은?','Y','2015-01-15 13:44:02','SYSTEM','2015-01-15 13:44:02','SYSTEM'),('COM022',' P10','내가 존경하는 인물은?','내가 존경하는 인물은?','Y','2015-01-15 13:44:02','SYSTEM','2015-01-15 13:44:02','SYSTEM'),('COM022',' P11','나의 노래방 애창곡은?','나의 노래방 애창곡은?','Y','2015-01-15 13:44:02','SYSTEM','2015-01-15 13:44:02','SYSTEM'),('COM022',' P12','가장 감명깊게 본 영화는?','가장 감명깊게 본 영화는?','Y','2015-01-15 13:44:02','SYSTEM','2015-01-15 13:44:02','SYSTEM'),('COM022',' P13','좋아하는 스포츠팀 이름은?','좋아하는 스포츠팀 이름은?','Y','2015-01-15 13:44:02','SYSTEM','2015-01-15 13:44:02','SYSTEM'),('COM023','01','경제','경제','Y','2015-01-15 13:44:02','SYSTEM','2015-01-15 13:44:02','SYSTEM'),('COM023','02','전산','전산','Y','2015-01-15 13:44:02','SYSTEM','2015-01-15 13:44:02','SYSTEM'),('COM023','03','행정','행정','Y','2015-01-15 13:44:02','SYSTEM','2015-01-15 13:44:02','SYSTEM'),('COM024','C','완료','완료','Y','2015-01-15 13:44:02','SYSTEM','2015-01-15 13:44:02','SYSTEM'),('COM024','F','실패','실패','Y','2015-01-15 13:44:02','SYSTEM','2015-01-15 13:44:02','SYSTEM'),('COM024','R','요청','요청','Y','2015-01-15 13:44:02','SYSTEM','2015-01-15 13:44:02','SYSTEM'),('COM025','00000001','공공기관','공공기관','Y','2015-01-15 13:44:02','SYSTEM','2015-01-15 13:44:02','SYSTEM'),('COM025','00000002','금융기관','금융기관','Y','2015-01-15 13:44:02','SYSTEM','2015-01-15 13:44:02','SYSTEM'),('COM025','00000003','교육기관','교육기관','Y','2015-01-15 13:44:02','SYSTEM','2015-01-15 13:44:02','SYSTEM'),('COM025','00000004','의료기관','의료기관','Y','2015-01-15 13:44:02','SYSTEM','2015-01-15 13:44:02','SYSTEM'),('COM026','C0000001','대기업','대기업','Y','2015-01-15 13:44:02','SYSTEM','2015-01-15 13:44:02','SYSTEM'),('COM026','C0000002','중소기업','중소기업','Y','2015-01-15 13:44:02','SYSTEM','2015-01-15 13:44:02','SYSTEM'),('COM026','C0000003','다국적기업','다국적기업','Y','2015-01-15 13:44:02','SYSTEM','2015-01-15 13:44:02','SYSTEM'),('COM027','A','축산업','축산업','Y','2015-01-15 13:44:02','SYSTEM','2015-01-15 13:44:02','SYSTEM'),('COM027','B','어업','어업','Y','2015-01-15 13:44:02','SYSTEM','2015-01-15 13:44:02','SYSTEM'),('COM027','C','광업','광업','Y','2015-01-15 13:44:02','SYSTEM','2015-01-15 13:44:02','SYSTEM'),('COM027','D','제조업','제조업','Y','2015-01-15 13:44:02','SYSTEM','2015-01-15 13:44:02','SYSTEM'),('COM027','E','전기,가스및수도사업','전기,가스및수도사업','Y','2015-01-15 13:44:02','SYSTEM','2015-01-15 13:44:02','SYSTEM'),('COM027','F','건설업','건설업','Y','2015-01-15 13:44:02','SYSTEM','2015-01-15 13:44:02','SYSTEM'),('COM027','G','도소매 및 소비자용품수리업','도소매 및 소비자용품수리업','Y','2015-01-15 13:44:02','SYSTEM','2015-01-15 13:44:02','SYSTEM'),('COM027','H','숙박및음식점','숙박및음식점','Y','2015-01-15 13:44:02','SYSTEM','2015-01-15 13:44:02','SYSTEM'),('COM027','I','운수창고및통신업','운수창고및통신업','Y','2015-01-15 13:44:02','SYSTEM','2015-01-15 13:44:02','SYSTEM'),('COM027','J','금융및보험업','금융및보험업','Y','2015-01-15 13:44:02','SYSTEM','2015-01-15 13:44:02','SYSTEM'),('COM027','K','부동산,임대및사업서비스업','부동산,임대및사업서비스업','Y','2015-01-15 13:44:02','SYSTEM','2015-01-15 13:44:02','SYSTEM'),('COM027','M','교육서비스업','교육서비스업','Y','2015-01-15 13:44:02','SYSTEM','2015-01-15 13:44:02','SYSTEM'),('COM027','N','보건업','보건업','Y','2015-01-15 13:44:02','SYSTEM','2015-01-15 13:44:02','SYSTEM'),('COM027','O','기타공공,사회및개인서비스업','기타공공,사회및개인서비스업','Y','2015-01-15 13:44:02','SYSTEM','2015-01-15 13:44:02','SYSTEM'),('COM027','P','가사서비스업','가사서비스업','Y','2015-01-15 13:44:02','SYSTEM','2015-01-15 13:44:02','SYSTEM'),('COM028','1','접수대기','접수대기','Y','2015-01-15 13:44:02','SYSTEM','2015-01-15 13:44:02','SYSTEM'),('COM028','2','접수','접수','Y','2015-01-15 13:44:02','SYSTEM','2015-01-15 13:44:02','SYSTEM'),('COM028','3','완료','완료','Y','2015-01-15 13:44:02','SYSTEM','2015-01-15 13:44:02','SYSTEM'),('COM029','method','METHOD','METHOD','Y','2015-01-15 13:44:03','SYSTEM','2015-01-15 13:44:03','SYSTEM'),('COM029','pointcut','POINTCUT','POINTCUT','Y','2015-01-15 13:44:03','SYSTEM','2015-01-15 13:44:03','SYSTEM'),('COM029','url','URL','URL','Y','2015-01-15 13:44:03','SYSTEM','2015-01-15 13:44:03','SYSTEM'),('COM030','1','회의','회의','Y','2015-01-15 13:44:03','SYSTEM','2015-01-15 13:44:03','SYSTEM'),('COM030','2','세미나','세미나','Y','2015-01-15 13:44:03','SYSTEM','2015-01-15 13:44:03','SYSTEM'),('COM030','3','강의','강의','Y','2015-01-15 13:44:03','SYSTEM','2015-01-15 13:44:03','SYSTEM'),('COM030','4','교육','교육','Y','2015-01-15 13:44:03','SYSTEM','2015-01-15 13:44:03','SYSTEM'),('COM030','5','기타','기타','Y','2015-01-15 13:44:03','SYSTEM','2015-01-15 13:44:03','SYSTEM'),('COM031','1','당일','당일','Y','2015-01-15 13:44:03','SYSTEM','2015-01-15 13:44:03','SYSTEM'),('COM031','2','반복','반복','Y','2015-01-15 13:44:03','SYSTEM','2015-01-15 13:44:03','SYSTEM'),('COM031','3','연속','연속','Y','2015-01-15 13:44:03','SYSTEM','2015-01-15 13:44:03','SYSTEM'),('COM031','4','요일반복','요일반복','Y','2015-01-15 13:44:03','SYSTEM','2015-01-15 13:44:03','SYSTEM'),('COM032','WC01','회원가입','회원가입','Y','2015-01-15 13:44:03','SYSTEM','2015-01-15 13:44:03','SYSTEM'),('COM032','WC02','사용자등록','사용자등록','Y','2015-01-15 13:44:03','SYSTEM','2015-01-15 13:44:03','SYSTEM'),('COM032','WC03','회원탈퇴','회원탈퇴','Y','2015-01-15 13:44:03','SYSTEM','2015-01-15 13:44:03','SYSTEM'),('COM032','WC04','사용자삭제','사용자삭제','Y','2015-01-15 13:44:03','SYSTEM','2015-01-15 13:44:03','SYSTEM'),('COM032','WC05','커뮤니티등록','커뮤니티등록','Y','2015-01-15 13:44:03','SYSTEM','2015-01-15 13:44:03','SYSTEM'),('COM032','WC06','동호회등록','동호회등록','Y','2015-01-15 13:44:03','SYSTEM','2015-01-15 13:44:03','SYSTEM'),('COM032','WC07','커뮤니티폐쇄','커뮤니티폐쇄','Y','2015-01-15 13:44:03','SYSTEM','2015-01-15 13:44:03','SYSTEM'),('COM032','WC08','동호회폐쇄','동호회폐쇄','Y','2015-01-15 13:44:03','SYSTEM','2015-01-15 13:44:03','SYSTEM'),('COM032','WC09','게시판등록','게시판등록','Y','2015-01-15 13:44:03','SYSTEM','2015-01-15 13:44:03','SYSTEM'),('COM032','WC10','게시판폐쇄','게시판폐쇄','Y','2015-01-15 13:44:03','SYSTEM','2015-01-15 13:44:03','SYSTEM'),('COM033','C','생성','생성','Y','2015-01-15 13:44:03','SYSTEM','2015-01-15 13:44:03','SYSTEM'),('COM033','D','삭제','삭제','Y','2015-01-15 13:44:03','SYSTEM','2015-01-15 13:44:03','SYSTEM'),('COM033','R','조회','조회','Y','2015-01-15 13:44:03','SYSTEM','2015-01-15 13:44:03','SYSTEM'),('COM033','U','수정','수정','Y','2015-01-15 13:44:03','SYSTEM','2015-01-15 13:44:03','SYSTEM'),('COM034','1','학생','학생','Y','2015-01-15 13:44:03','SYSTEM','2015-01-15 13:44:03','SYSTEM'),('COM034','2','대학생','대학생','Y','2015-01-15 13:44:03','SYSTEM','2015-01-15 13:44:03','SYSTEM'),('COM034','3','군인','군인','Y','2015-01-15 13:44:03','SYSTEM','2015-01-15 13:44:03','SYSTEM'),('COM034','4','교사','교사','Y','2015-01-15 13:44:03','SYSTEM','2015-01-15 13:44:03','SYSTEM'),('COM034','5','기타','기타','Y','2015-01-15 13:44:03','SYSTEM','2015-01-15 13:44:03','SYSTEM'),('COM035','1','행사','행사','Y','2015-01-15 13:44:03','SYSTEM','2015-01-15 13:44:03','SYSTEM'),('COM035','2','이벤트','이벤트','Y','2015-01-15 13:44:03','SYSTEM','2015-01-15 13:44:03','SYSTEM'),('COM035','3','캠페인','캠페인','Y','2015-01-15 13:44:03','SYSTEM','2015-01-15 13:44:03','SYSTEM'),('COM036','01','작성','작성','Y','2015-01-15 13:44:03','SYSTEM','2015-01-15 13:44:03','SYSTEM'),('COM036','02','상신','상신','Y','2015-01-15 13:44:03','SYSTEM','2015-01-15 13:44:03','SYSTEM'),('COM036','03','반려','반려','Y','2015-01-15 13:44:03','SYSTEM','2015-01-15 13:44:03','SYSTEM'),('COM036','04','결재완료','결재완료','Y','2015-01-15 13:44:04','SYSTEM','2015-01-15 13:44:04','SYSTEM'),('COM038','N','N','아니오','Y','2015-01-15 13:44:04','SYSTEM','2015-01-15 13:44:04','SYSTEM'),('COM038','Y','Y','예','Y','2015-01-15 13:44:04','SYSTEM','2015-01-15 13:44:04','SYSTEM'),('COM039','001','사회','사회','Y','2015-01-15 13:44:04','SYSTEM','2015-01-15 13:44:04','SYSTEM'),('COM039','002','정치','정치','Y','2015-01-15 13:44:04','SYSTEM','2015-01-15 13:44:04','SYSTEM'),('COM039','003','경제','경제','Y','2015-01-15 13:44:04','SYSTEM','2015-01-15 13:44:04','SYSTEM'),('COM039','004','문화','문화','Y','2015-01-15 13:44:04','SYSTEM','2015-01-15 13:44:04','SYSTEM'),('COM039','005','인문','인문','Y','2015-01-15 13:44:04','SYSTEM','2015-01-15 13:44:04','SYSTEM'),('COM039','006','공학','공학','Y','2015-01-15 13:44:04','SYSTEM','2015-01-15 13:44:04','SYSTEM'),('COM039','007','기타','기타','Y','2015-01-15 13:44:04','SYSTEM','2015-01-15 13:44:04','SYSTEM'),('COM040','01','휴가계획서','휴가계획서','Y','2015-01-15 13:44:04','SYSTEM','2015-01-15 13:44:04','SYSTEM'),('COM040','02','출장보고서','출장보고서','Y','2015-01-15 13:44:04','SYSTEM','2015-01-15 13:44:04','SYSTEM'),('COM040','03','교육보고서','교육보고서','Y','2015-01-15 13:44:04','SYSTEM','2015-01-15 13:44:04','SYSTEM'),('COM040','04','판품요청서','판품요청서','Y','2015-01-15 13:44:04','SYSTEM','2015-01-15 13:44:04','SYSTEM'),('COM040','05','지원요청서','지원요청서','Y','2015-01-15 13:44:04','SYSTEM','2015-01-15 13:44:04','SYSTEM'),('COM041','001','절차설명','절차설명','Y','2015-01-15 13:44:04','SYSTEM','2015-01-15 13:44:04','SYSTEM'),('COM041','002','기능설명','기능설명','Y','2015-01-15 13:44:04','SYSTEM','2015-01-15 13:44:04','SYSTEM'),('COM041','003','기타설명','기타설명','Y','2015-01-15 13:44:04','SYSTEM','2015-01-15 13:44:04','SYSTEM'),('COM042','%Y','연도별','연도별','Y','2015-01-15 13:44:04','SYSTEM','2015-01-15 13:44:04','SYSTEM'),('COM042','%Y-%m','월별','월별','Y','2015-01-15 13:44:04','SYSTEM','2015-01-15 13:44:04','SYSTEM'),('COM042','%Y-%m-%d','일별','일별','Y','2015-01-15 13:44:04','SYSTEM','2015-01-15 13:44:04','SYSTEM'),('COM043','01','생성','생성','Y','2015-01-15 13:44:04','SYSTEM','2015-01-15 13:44:04','SYSTEM'),('COM043','02','변경','변경','Y','2015-01-15 13:44:04','SYSTEM','2015-01-15 13:44:04','SYSTEM'),('COM043','03','말소','말소','Y','2015-01-15 13:44:04','SYSTEM','2015-01-15 13:44:04','SYSTEM'),('COM044','00','수신처리','수신처리','Y','2015-01-15 13:44:04','SYSTEM','2015-01-15 13:44:04','SYSTEM'),('COM044','01','처리완료','처리완료','Y','2015-01-15 13:44:04','SYSTEM','2015-01-15 13:44:04','SYSTEM'),('COM044','10','기등록','기등록','Y','2015-01-15 13:44:04','SYSTEM','2015-01-15 13:44:04','SYSTEM'),('COM044','11','생성오류','생성오류','Y','2015-01-15 13:44:04','SYSTEM','2015-01-15 13:44:04','SYSTEM'),('COM044','12','변경오류','변경오류','Y','2015-01-15 13:44:04','SYSTEM','2015-01-15 13:44:04','SYSTEM'),('COM044','13','말소오류','말소오류','Y','2015-01-15 13:44:04','SYSTEM','2015-01-15 13:44:04','SYSTEM'),('COM046','01','정상','정상','Y','2015-01-15 13:44:04','SYSTEM','2015-01-15 13:44:04','SYSTEM'),('COM046','02','비정상','비정상','Y','2015-01-15 13:44:04','SYSTEM','2015-01-15 13:44:04','SYSTEM'),('COM047','01','매일','매일','Y','2015-01-15 13:44:04','SYSTEM','2015-01-15 13:44:04','SYSTEM'),('COM047','02','매주','매주','Y','2015-01-15 13:44:04','SYSTEM','2015-01-15 13:44:04','SYSTEM'),('COM047','03','매월','매월','Y','2015-01-15 13:44:04','SYSTEM','2015-01-15 13:44:04','SYSTEM'),('COM047','04','매년','매년','Y','2015-01-15 13:44:04','SYSTEM','2015-01-15 13:44:04','SYSTEM'),('COM047','05','한번만','한번만','Y','2015-01-15 13:44:04','SYSTEM','2015-01-15 13:44:04','SYSTEM'),('COM048','01','Oracle','Oracle','Y','2015-01-15 13:44:04','SYSTEM','2015-01-15 13:44:04','SYSTEM'),('COM048','02','Mysql','Mysql','Y','2015-01-15 13:44:04','SYSTEM','2015-01-15 13:44:04','SYSTEM'),('COM048','03','Tibero','Tibero','Y','2015-01-15 13:44:04','SYSTEM','2015-01-15 13:44:04','SYSTEM'),('COM048','04','Altibase','Altibase','Y','2015-01-15 13:44:04','SYSTEM','2015-01-15 13:44:04','SYSTEM'),('COM049','01','Tar','Tar','Y','2015-01-15 13:44:04','SYSTEM','2015-01-15 13:44:04','SYSTEM'),('COM049','02','ZIP','ZIP','Y','2015-01-15 13:44:04','SYSTEM','2015-01-15 13:44:04','SYSTEM'),('COM050','1','수신','수신','Y','2015-01-15 13:44:04','SYSTEM','2015-01-15 13:44:04','SYSTEM'),('COM050','2','참조','참조','Y','2015-01-15 13:44:04','SYSTEM','2015-01-15 13:44:04','SYSTEM'),('COM051','01','신청중','신청중','Y','2015-01-15 13:44:05','SYSTEM','2015-01-15 13:44:05','SYSTEM'),('COM051','02','승인','승인','Y','2015-01-15 13:44:05','SYSTEM','2015-01-15 13:44:05','SYSTEM'),('COM051','03','반려','반려','Y','2015-01-15 13:44:05','SYSTEM','2015-01-15 13:44:05','SYSTEM'),('COM052','01','양력','양력','Y','2015-01-15 13:44:05','SYSTEM','2015-01-15 13:44:05','SYSTEM'),('COM052','02','음력','음력','Y','2015-01-15 13:44:05','SYSTEM','2015-01-15 13:44:05','SYSTEM'),('COM053','01','교육','교육','Y','2015-01-15 13:44:05','SYSTEM','2015-01-15 13:44:05','SYSTEM'),('COM053','02','세미나','세미나','Y','2015-01-15 13:44:05','SYSTEM','2015-01-15 13:44:05','SYSTEM'),('COM053','03','홍보','홍보','Y','2015-01-15 13:44:05','SYSTEM','2015-01-15 13:44:05','SYSTEM'),('COM053','04','단합','단합','Y','2015-01-15 13:44:05','SYSTEM','2015-01-15 13:44:05','SYSTEM'),('COM053','05','간담회','간담회','Y','2015-01-15 13:44:05','SYSTEM','2015-01-15 13:44:05','SYSTEM'),('COM053','99','기타','기타','Y','2015-01-15 13:44:05','SYSTEM','2015-01-15 13:44:05','SYSTEM'),('COM054','01','결혼','결혼','Y','2015-01-15 13:44:05','SYSTEM','2015-01-15 13:44:05','SYSTEM'),('COM054','02','출생','출생','Y','2015-01-15 13:44:05','SYSTEM','2015-01-15 13:44:05','SYSTEM'),('COM054','03','회갑','회갑','Y','2015-01-15 13:44:05','SYSTEM','2015-01-15 13:44:05','SYSTEM'),('COM054','04','사망','사망','Y','2015-01-15 13:44:05','SYSTEM','2015-01-15 13:44:05','SYSTEM'),('COM054','05','출산','출산','Y','2015-01-15 13:44:05','SYSTEM','2015-01-15 13:44:05','SYSTEM'),('COM054','99','기타','기타','Y','2015-01-15 13:44:05','SYSTEM','2015-01-15 13:44:05','SYSTEM'),('COM055','01','우수사원','우수사원','Y','2015-01-15 13:44:05','SYSTEM','2015-01-15 13:44:05','SYSTEM'),('COM055','02','우수팀','우수팀','Y','2015-01-15 13:44:05','SYSTEM','2015-01-15 13:44:05','SYSTEM'),('COM055','99','기타','기타','Y','2015-01-15 13:44:05','SYSTEM','2015-01-15 13:44:05','SYSTEM'),('COM056','01','연차휴가','연차휴가','Y','2015-01-15 13:44:05','SYSTEM','2015-01-15 13:44:05','SYSTEM'),('COM056','02','반차휴가','반차휴가','Y','2015-01-15 13:44:05','SYSTEM','2015-01-15 13:44:05','SYSTEM'),('COM056','03','무급휴가','무급휴가','Y','2015-01-15 13:44:05','SYSTEM','2015-01-15 13:44:05','SYSTEM'),('COM056','04','유급휴가','유급휴가','Y','2015-01-15 13:44:05','SYSTEM','2015-01-15 13:44:05','SYSTEM'),('COM056','05','대체휴가','대체휴가','Y','2015-01-15 13:44:05','SYSTEM','2015-01-15 13:44:05','SYSTEM'),('COM056','99','기타','기타','Y','2015-01-15 13:44:05','SYSTEM','2015-01-15 13:44:05','SYSTEM'),('COM057','1','회의','회의','Y','2015-01-15 13:44:05','SYSTEM','2015-01-15 13:44:05','SYSTEM'),('COM057','2','방문','방문','Y','2015-01-15 13:44:05','SYSTEM','2015-01-15 13:44:05','SYSTEM'),('COM057','3','세미나','세미나','Y','2015-01-15 13:44:05','SYSTEM','2015-01-15 13:44:05','SYSTEM'),('COM057','4','기타','기타','Y','2015-01-15 13:44:05','SYSTEM','2015-01-15 13:44:05','SYSTEM'),('COM058','1','반복없음','당일','Y','2015-01-15 13:44:05','SYSTEM','2015-01-15 13:44:05','SYSTEM'),('COM058','2','매일','매일','Y','2015-01-15 13:44:05','SYSTEM','2015-01-15 13:44:05','SYSTEM'),('COM058','3','매주','매주','Y','2015-01-15 13:44:05','SYSTEM','2015-01-15 13:44:05','SYSTEM'),('COM058','4','매월','매월','Y','2015-01-15 13:44:05','SYSTEM','2015-01-15 13:44:05','SYSTEM'),('COM059','1','높음','높음','Y','2015-01-15 13:44:05','SYSTEM','2015-01-15 13:44:05','SYSTEM'),('COM059','2','보통','보통','Y','2015-01-15 13:44:05','SYSTEM','2015-01-15 13:44:05','SYSTEM'),('COM059','3','낮음','낮음','Y','2015-01-15 13:44:05','SYSTEM','2015-01-15 13:44:05','SYSTEM'),('COM060','1','주간보고','주간보고','Y','2015-01-15 13:44:05','SYSTEM','2015-01-15 13:44:05','SYSTEM'),('COM060','2','월간보고','월간보고','Y','2015-01-15 13:44:05','SYSTEM','2015-01-15 13:44:05','SYSTEM'),('COM061','1','재실','재실','Y','2015-01-15 13:44:05','SYSTEM','2015-01-15 13:44:05','SYSTEM'),('COM061','2','자리비움','자리비움','Y','2015-01-15 13:44:05','SYSTEM','2015-01-15 13:44:05','SYSTEM'),('COM061','3','회의중','회의중','Y','2015-01-15 13:44:05','SYSTEM','2015-01-15 13:44:05','SYSTEM'),('COM061','4','출장중','출장중','Y','2015-01-15 13:44:06','SYSTEM','2015-01-15 13:44:06','SYSTEM'),('COM061','5','휴가중','휴가중','Y','2015-01-15 13:44:06','SYSTEM','2015-01-15 13:44:06','SYSTEM'),('COM062','100','Continue ','Continue ','Y','2015-01-15 13:44:06','SYSTEM','2015-01-15 13:44:06','SYSTEM'),('COM062','101','Switching Protocols ','Switching Protocols ','Y','2015-01-15 13:44:06','SYSTEM','2015-01-15 13:44:06','SYSTEM'),('COM062','200','OK ','OK ','Y','2015-01-15 13:44:06','SYSTEM','2015-01-15 13:44:06','SYSTEM'),('COM062','201','Created ','Created ','Y','2015-01-15 13:44:06','SYSTEM','2015-01-15 13:44:06','SYSTEM'),('COM062','202','Accepted ','Accepted ','Y','2015-01-15 13:44:06','SYSTEM','2015-01-15 13:44:06','SYSTEM'),('COM062','203','Non-Authoritative Information ','Non-Authoritative Information ','Y','2015-01-15 13:44:06','SYSTEM','2015-01-15 13:44:06','SYSTEM'),('COM062','204','No Content ','No Content ','Y','2015-01-15 13:44:06','SYSTEM','2015-01-15 13:44:06','SYSTEM'),('COM062','205','Reset Content ','Reset Content ','Y','2015-01-15 13:44:06','SYSTEM','2015-01-15 13:44:06','SYSTEM'),('COM062','206','Partial Content ','Partial Content ','Y','2015-01-15 13:44:06','SYSTEM','2015-01-15 13:44:06','SYSTEM'),('COM062','300','Multiple Choices ','Multiple Choices ','Y','2015-01-15 13:44:06','SYSTEM','2015-01-15 13:44:06','SYSTEM'),('COM062','301','Moved Permanently ','Moved Permanently ','Y','2015-01-15 13:44:06','SYSTEM','2015-01-15 13:44:06','SYSTEM'),('COM062','302','Found ','Found ','Y','2015-01-15 13:44:06','SYSTEM','2015-01-15 13:44:06','SYSTEM'),('COM062','303','See Other ','See Other ','Y','2015-01-15 13:44:06','SYSTEM','2015-01-15 13:44:06','SYSTEM'),('COM062','304','Not Modified ','Not Modified ','Y','2015-01-15 13:44:06','SYSTEM','2015-01-15 13:44:06','SYSTEM'),('COM062','305','Use Proxy ','Use Proxy ','Y','2015-01-15 13:44:06','SYSTEM','2015-01-15 13:44:06','SYSTEM'),('COM062','307','Temporary Redirect ','Temporary Redirect ','Y','2015-01-15 13:44:06','SYSTEM','2015-01-15 13:44:06','SYSTEM'),('COM062','400','Bad Request ','Bad Request ','Y','2015-01-15 13:44:06','SYSTEM','2015-01-15 13:44:06','SYSTEM'),('COM062','401','Unauthorized ','Unauthorized ','Y','2015-01-15 13:44:06','SYSTEM','2015-01-15 13:44:06','SYSTEM'),('COM062','403','Forbidden ','Forbidden ','Y','2015-01-15 13:44:06','SYSTEM','2015-01-15 13:44:06','SYSTEM'),('COM062','404','Not Found ','Not Found ','Y','2015-01-15 13:44:06','SYSTEM','2015-01-15 13:44:06','SYSTEM'),('COM062','405','Method Not Allowed ','Method Not Allowed ','Y','2015-01-15 13:44:06','SYSTEM','2015-01-15 13:44:06','SYSTEM'),('COM062','406','Not Acceptable ','Not Acceptable ','Y','2015-01-15 13:44:06','SYSTEM','2015-01-15 13:44:06','SYSTEM'),('COM062','407','Proxy Authentication Required ','Proxy Authentication Required ','Y','2015-01-15 13:44:06','SYSTEM','2015-01-15 13:44:06','SYSTEM'),('COM062','408','Request Timeout ','Request Timeout ','Y','2015-01-15 13:44:06','SYSTEM','2015-01-15 13:44:06','SYSTEM'),('COM062','409','Conflict ','Conflict ','Y','2015-01-15 13:44:06','SYSTEM','2015-01-15 13:44:06','SYSTEM'),('COM062','410','Gone ','Gone ','Y','2015-01-15 13:44:06','SYSTEM','2015-01-15 13:44:06','SYSTEM'),('COM062','411','Length Required ','Length Required ','Y','2015-01-15 13:44:06','SYSTEM','2015-01-15 13:44:06','SYSTEM'),('COM062','412','Precondition Failed ','Precondition Failed ','Y','2015-01-15 13:44:06','SYSTEM','2015-01-15 13:44:06','SYSTEM'),('COM062','413','Request Entity Too Large ','Request Entity Too Large ','Y','2015-01-15 13:44:06','SYSTEM','2015-01-15 13:44:06','SYSTEM'),('COM062','414','Request URI Too Long ','Request URI Too Long ','Y','2015-01-15 13:44:06','SYSTEM','2015-01-15 13:44:06','SYSTEM'),('COM062','415','Unsupported Media Type ','Unsupported Media Type ','Y','2015-01-15 13:44:06','SYSTEM','2015-01-15 13:44:06','SYSTEM'),('COM062','416','Requested Range Not Satisfiable ','Requested Range Not Satisfiable ','Y','2015-01-15 13:44:06','SYSTEM','2015-01-15 13:44:06','SYSTEM'),('COM062','417','Expectation Failed ','Expectation Failed ','Y','2015-01-15 13:44:06','SYSTEM','2015-01-15 13:44:06','SYSTEM'),('COM062','500','Internal Server Error ','Internal Server Error ','Y','2015-01-15 13:44:06','SYSTEM','2015-01-15 13:44:06','SYSTEM'),('COM062','501','Not Implemented ','Not Implemented ','Y','2015-01-15 13:44:06','SYSTEM','2015-01-15 13:44:06','SYSTEM'),('COM062','502','Bad Gateway ','Bad Gateway ','Y','2015-01-15 13:44:06','SYSTEM','2015-01-15 13:44:06','SYSTEM'),('COM062','503','Service Unavailable ','Service Unavailable ','Y','2015-01-15 13:44:06','SYSTEM','2015-01-15 13:44:06','SYSTEM'),('COM062','504','Gateway Timeout ','Gateway Timeout ','Y','2015-01-15 13:44:06','SYSTEM','2015-01-15 13:44:06','SYSTEM'),('COM062','505','HTTP Version Not Supported ','HTTP Version Not Supported ','Y','2015-01-15 13:44:06','SYSTEM','2015-01-15 13:44:06','SYSTEM'),('COM063','100','Runnable','Runnable','Y','2015-01-15 13:44:06','SYSTEM','2015-01-15 13:44:06','SYSTEM'),('COM063','200','Sleeping','Sleeping','Y','2015-01-15 13:44:06','SYSTEM','2015-01-15 13:44:06','SYSTEM'),('COM063','300','Swapped','Swapped','Y','2015-01-15 13:44:06','SYSTEM','2015-01-15 13:44:06','SYSTEM'),('COM063','400','Zombie','Zombie','Y','2015-01-15 13:44:07','SYSTEM','2015-01-15 13:44:07','SYSTEM'),('COM063','500','Stopped','Stopped','Y','2015-01-15 13:44:07','SYSTEM','2015-01-15 13:44:07','SYSTEM'),('COM064','01','웹 서버','웹 서버','Y','2015-01-15 13:44:07','SYSTEM','2015-01-15 13:44:07','SYSTEM'),('COM064','02','WAS','WAS','Y','2015-01-15 13:44:07','SYSTEM','2015-01-15 13:44:07','SYSTEM'),('COM064','03','DB 서버','DB 서버','Y','2015-01-15 13:44:07','SYSTEM','2015-01-15 13:44:07','SYSTEM'),('COM064','04','Mail 서버','Mail 서버','Y','2015-01-15 13:44:07','SYSTEM','2015-01-15 13:44:07','SYSTEM'),('COM064','05','DNS 서버','DNS 서버','Y','2015-01-15 13:44:07','SYSTEM','2015-01-15 13:44:07','SYSTEM'),('COM064','99','기타 서버','기타 서버','Y','2015-01-15 13:44:07','SYSTEM','2015-01-15 13:44:07','SYSTEM'),('COM065','01','네트워크 장애','네트워크 장애','Y','2015-01-15 13:44:07','SYSTEM','2015-01-15 13:44:07','SYSTEM'),('COM065','02','하드웨어 장애','하드웨어 장애','Y','2015-01-15 13:44:07','SYSTEM','2015-01-15 13:44:07','SYSTEM'),('COM065','03','어플리케이션 장애','어플리케이션 장애','Y','2015-01-15 13:44:07','SYSTEM','2015-01-15 13:44:07','SYSTEM'),('COM065','04','서비스 장애','서비스 장애','Y','2015-01-15 13:44:07','SYSTEM','2015-01-15 13:44:07','SYSTEM'),('COM065','05','모니터링 장애','모니터링 장애','Y','2015-01-15 13:44:07','SYSTEM','2015-01-15 13:44:07','SYSTEM'),('COM065','06','정전','정전','Y','2015-01-15 13:44:07','SYSTEM','2015-01-15 13:44:07','SYSTEM'),('COM065','07','화재','화재','Y','2015-01-15 13:44:07','SYSTEM','2015-01-15 13:44:07','SYSTEM'),('COM065','08','홍수','홍수','Y','2015-01-15 13:44:07','SYSTEM','2015-01-15 13:44:07','SYSTEM'),('COM065','99','기타 장애','기타 장애','Y','2015-01-15 13:44:07','SYSTEM','2015-01-15 13:44:07','SYSTEM'),('COM066','01','CPU','CPU','Y','2015-01-15 13:44:07','SYSTEM','2015-01-15 13:44:07','SYSTEM'),('COM066','02','메모리','메모리','Y','2015-01-15 13:44:07','SYSTEM','2015-01-15 13:44:07','SYSTEM'),('COM067','01','서버','서버','Y','2015-01-15 13:44:07','SYSTEM','2015-01-15 13:44:07','SYSTEM'),('COM067','02','라우터','라우터','Y','2015-01-15 13:44:07','SYSTEM','2015-01-15 13:44:07','SYSTEM'),('COM067','03','스위치','스위치','Y','2015-01-15 13:44:07','SYSTEM','2015-01-15 13:44:07','SYSTEM'),('COM067','04','PC','PC','Y','2015-01-15 13:44:07','SYSTEM','2015-01-15 13:44:07','SYSTEM'),('COM067','05','프린터','프린터','Y','2015-01-15 13:44:07','SYSTEM','2015-01-15 13:44:07','SYSTEM'),('COM067','99','기타','기타','Y','2015-01-15 13:44:07','SYSTEM','2015-01-15 13:44:07','SYSTEM'),('COM068','A','접수','접수','Y','2015-01-15 13:44:07','SYSTEM','2015-01-15 13:44:07','SYSTEM'),('COM068','C','완료','완료','Y','2015-01-15 13:44:07','SYSTEM','2015-01-15 13:44:07','SYSTEM'),('COM068','R','요청','요청','Y','2015-01-15 13:44:07','SYSTEM','2015-01-15 13:44:07','SYSTEM'),('COM069','01','생일','생일','Y','2015-01-15 13:44:07','SYSTEM','2015-01-15 13:44:07','SYSTEM'),('COM069','02','기념','기념','N','2015-01-15 13:44:07','SYSTEM','2015-01-15 13:44:07','SYSTEM'),('COM069','03','결혼','결혼','Y','2015-01-15 13:44:07','SYSTEM','2015-01-15 13:44:07','SYSTEM'),('COM069','04','탄생','탄생','Y','2015-01-15 13:44:07','SYSTEM','2015-01-15 13:44:07','SYSTEM'),('COM069','05','축하','축하','Y','2015-01-15 13:44:07','SYSTEM','2015-01-15 13:44:07','SYSTEM'),('COM069','06','출장','출장','Y','2015-01-15 13:44:07','SYSTEM','2015-01-15 13:44:07','SYSTEM'),('COM069','07','퇴원','퇴원','Y','2015-01-15 13:44:07','SYSTEM','2015-01-15 13:44:07','SYSTEM'),('COM069','99','기타','기타','Y','2015-01-15 13:44:07','SYSTEM','2015-01-15 13:44:07','SYSTEM'),('COM070','01','본관1층','본관1층','Y','2015-01-15 13:44:07','SYSTEM','2015-01-15 13:44:07','SYSTEM'),('COM070','02','본관2층','본관2층','Y','2015-01-15 13:44:07','SYSTEM','2015-01-15 13:44:07','SYSTEM'),('COM070','03','본관3층','본관3층','Y','2015-01-15 13:44:07','SYSTEM','2015-01-15 13:44:07','SYSTEM'),('COM070','04','본관4층','본관4층','Y','2015-01-15 13:44:08','SYSTEM','2015-01-15 13:44:08','SYSTEM'),('COM070','05','본관5층','본관5층','Y','2015-01-15 13:44:08','SYSTEM','2015-01-15 13:44:08','SYSTEM'),('COM070','06','별관1층','별관1층','Y','2015-01-15 13:44:08','SYSTEM','2015-01-15 13:44:08','SYSTEM'),('COM070','07','별관2층','별관2층','Y','2015-01-15 13:44:08','SYSTEM','2015-01-15 13:44:08','SYSTEM'),('COM070','99','기타','기타','Y','2015-01-15 13:44:08','SYSTEM','2015-01-15 13:44:08','SYSTEM'),('COM071','01','전기시설','전기시설','Y','2015-01-15 13:44:08','SYSTEM','2015-01-15 13:44:08','SYSTEM'),('COM071','02','소등상태','소등상태','Y','2015-01-15 13:44:08','SYSTEM','2015-01-15 13:44:08','SYSTEM'),('COM071','03','방화요소','방화요소','Y','2015-01-15 13:44:08','SYSTEM','2015-01-15 13:44:08','SYSTEM'),('COM071','04','소방시설','소방시설','Y','2015-01-15 13:44:08','SYSTEM','2015-01-15 13:44:08','SYSTEM'),('COM071','05','비상 KEY','비상 KEY','Y','2015-01-15 13:44:08','SYSTEM','2015-01-15 13:44:08','SYSTEM'),('COM071','06','시건장치','시건장치','Y','2015-01-15 13:44:08','SYSTEM','2015-01-15 13:44:08','SYSTEM'),('COM071','99','기타','기타','Y','2015-01-15 13:44:08','SYSTEM','2015-01-15 13:44:08','SYSTEM'),('COM072','01','정상','정상','Y','2015-01-15 13:44:08','SYSTEM','2015-01-15 13:44:08','SYSTEM'),('COM072','02','오류','오류','Y','2015-01-15 13:44:08','SYSTEM','2015-01-15 13:44:08','SYSTEM'),('COM072','03','중지','중지','Y','2015-01-15 13:44:08','SYSTEM','2015-01-15 13:44:08','SYSTEM'),('COM072','09','기타','기타','Y','2015-01-15 13:44:08','SYSTEM','2015-01-15 13:44:08','SYSTEM'),('COM073','01','본인','본인','Y','2015-01-15 13:44:08','SYSTEM','2015-01-15 13:44:08','SYSTEM'),('COM073','02','배우자','배우자','Y','2015-01-15 13:44:08','SYSTEM','2015-01-15 13:44:08','SYSTEM'),('COM073','03','자녀','자녀','Y','2015-01-15 13:44:08','SYSTEM','2015-01-15 13:44:08','SYSTEM'),('COM073','04','부친','부친','Y','2015-01-15 13:44:08','SYSTEM','2015-01-15 13:44:08','SYSTEM'),('COM073','05','모친','모친','Y','2015-01-15 13:44:08','SYSTEM','2015-01-15 13:44:08','SYSTEM'),('COM073','06','배우자부친','배우자부친','Y','2015-01-15 13:44:08','SYSTEM','2015-01-15 13:44:08','SYSTEM'),('COM073','07','배우자모친','배우자모친','Y','2015-01-15 13:44:08','SYSTEM','2015-01-15 13:44:08','SYSTEM'),('COM073','08','조부','조부','Y','2015-01-15 13:44:08','SYSTEM','2015-01-15 13:44:08','SYSTEM'),('COM073','09','조모','조모','Y','2015-01-15 13:44:08','SYSTEM','2015-01-15 13:44:08','SYSTEM'),('COM073','10','형제자매(본인)','형제자매(본인)','Y','2015-01-15 13:44:08','SYSTEM','2015-01-15 13:44:08','SYSTEM'),('COM073','11','외조부','외조부','Y','2015-01-15 13:44:08','SYSTEM','2015-01-15 13:44:08','SYSTEM'),('COM073','12','외조모','외조모','Y','2015-01-15 13:44:08','SYSTEM','2015-01-15 13:44:08','SYSTEM'),('COM073','13','백숙부','백숙부','Y','2015-01-15 13:44:08','SYSTEM','2015-01-15 13:44:08','SYSTEM'),('COM073','14','백숙모','백숙모','Y','2015-01-15 13:44:08','SYSTEM','2015-01-15 13:44:08','SYSTEM'),('COM073','15','형제자매(배우자)','형제자매(배우자)','Y','2015-01-15 13:44:08','SYSTEM','2015-01-15 13:44:08','SYSTEM'),('COM073','99','기타','기타','Y','2015-01-15 13:44:08','SYSTEM','2015-01-15 13:44:08','SYSTEM'),('COM074','1','일요일','일요일','Y','2015-01-15 13:44:08','SYSTEM','2015-01-15 13:44:08','SYSTEM'),('COM074','2','월요일','월요일','Y','2015-01-15 13:44:08','SYSTEM','2015-01-15 13:44:08','SYSTEM'),('COM074','3','화요일','화요일','Y','2015-01-15 13:44:08','SYSTEM','2015-01-15 13:44:08','SYSTEM'),('COM074','4','수요일','수요일','Y','2015-01-15 13:44:09','SYSTEM','2015-01-15 13:44:09','SYSTEM'),('COM074','5','목요일','목요일','Y','2015-01-15 13:44:09','SYSTEM','2015-01-15 13:44:09','SYSTEM'),('COM074','6','금요일','금요일','Y','2015-01-15 13:44:09','SYSTEM','2015-01-15 13:44:09','SYSTEM'),('COM074','7','토요일','토요일','Y','2015-01-15 13:44:09','SYSTEM','2015-01-15 13:44:09','SYSTEM'),('COM075','001','경조신청','경조신청','Y','2015-01-15 13:44:09','SYSTEM','2015-01-15 13:44:09','SYSTEM'),('COM075','002','포상신청','포상신청','Y','2015-01-15 13:44:09','SYSTEM','2015-01-15 13:44:09','SYSTEM'),('COM075','003','휴가신청','휴가신청','Y','2015-01-15 13:44:09','SYSTEM','2015-01-15 13:44:09','SYSTEM'),('COM075','004','행사신청','행사신청','Y','2015-01-15 13:44:09','SYSTEM','2015-01-15 13:44:09','SYSTEM'),('COM076','01','정상','정상','Y','2015-01-15 13:44:09','SYSTEM','2015-01-15 13:44:09','SYSTEM'),('COM076','02','비정상','비정상','Y','2015-01-15 13:44:09','SYSTEM','2015-01-15 13:44:09','SYSTEM'),('COM076','03','수행중','수행중','Y','2015-01-15 13:44:09','SYSTEM','2015-01-15 13:44:09','SYSTEM');
/*!40000 ALTER TABLE `comtccmmndetailcode` ENABLE KEYS */;
UNLOCK TABLES;

--
-- Table structure for table `comtecopseq`
--

DROP TABLE IF EXISTS `comtecopseq`;
/*!40101 SET @saved_cs_client     = @@character_set_client */;
/*!40101 SET character_set_client = utf8 */;
CREATE TABLE `comtecopseq` (
  `TABLE_NAME` varchar(20) NOT NULL DEFAULT '',
  `NEXT_ID` decimal(30,0) DEFAULT NULL,
  PRIMARY KEY (`TABLE_NAME`),
  UNIQUE KEY `COMTECOPSEQ_PK` (`TABLE_NAME`)
) ENGINE=InnoDB DEFAULT CHARSET=utf8;
/*!40101 SET character_set_client = @saved_cs_client */;

--
-- Dumping data for table `comtecopseq`
--

LOCK TABLES `comtecopseq` WRITE;
/*!40000 ALTER TABLE `comtecopseq` DISABLE KEYS */;
INSERT INTO `comtecopseq` VALUES ('ADBKUSER_ID',1),('ADBK_ID',1),('ADMINIST_WORD_ID',1),('ADMIN_CODE_OPERT',1),('ANN_ID',1),('ANSWER_NO',1),('BACKUP_OPERT_ID',1),('BACKUP_RESULT_ID',1),('BANNER_ID',1),('BATCH_OPERT_ID',1),('BATCH_RESULT_ID',1),('BATCH_SCHDUL_ID',1),('BBS_ID',11),('CLB_ID',1),('CMMNTY_ID',1),('CNSLT_ID',1),('CNTC_ID',1),('CNTC_MESSAGE_ID',1),('CNTNTS_ID',1),('COMTECOPSEQ',1),('CPYRHT_ID',1),('CTSNN_ID',1),('DAM_ID',1),('DB_MNTRNG_LOG_ID',1),('DEPT_JOB_BX_ID',1),('DEPT_JOB_ID',1),('DIARY_ID',1),('DUS_ID',1),('EVENTINFO_ID',1),('EVENT_ID',1),('EXTRLHRINFO_ID',1),('FAQ_ID',1),('FILESYS_LOGID',1),('FILESYS_MNTRNG',1),('FILE_ID',41),('GROUP_ID',1),('HPCM_ID',1),('HTTL_ID',1),('HTTP_ID',1),('INDVDL_INFO_ID',1),('INFRML_SANCTN',1),('INSTT_CODE_OPERT',1),('INSTT_ID',1),('ISG_ID',1),('ITEM_ID',1),('KNO_ID',1),('KNO_ID2',1),('LEADER_SCHDUL_ID',1),('LOGINLOG_ID',1),('LSI_ID',1),('MAILMSG_ID',1),('MEMO_REPRT',1),('MEMO_TODO_ID',1),('MSI_ID',1),('MTG_ID',1),('MTG_PLACE_ID',1),('NCRD_ID',1),('NEWS_ID',1),('NOTE_ID',1),('NOTE_RECPTN_ID',1),('NOTE_TRNSMIT_ID',1),('NTT_ID',41),('NTWRKSVC_LOGID',1),('NTWRK_ID',1),('ONLINE_MUL_ID',1),('ORGNZT_ID',1),('POLL_IEM_ID',1),('POLL_MGR_ID',1),('POLL_RUT_ID',1),('POPUP_ID',1),('PROC_ID',1),('PROL_ID',1),('PROXYLOG_ID',1),('PROXYSVC_ID',1),('QA_ID',1),('QESITM_',1),('QESRSPNS_ID',1),('QESTNR_QESITM_ID',1),('QESTNR_RPD_ID',1),('QUSTNRQESTN_ID',1),('QUSTNRTMPLA_ID',1),('RECOMEND_SITE_ID',1),('RESTDE_ID',1),('RESVE_ID',1),('ROLE_ID',20),('RSS_ID',1),('RS_ID',1),('RWARD_ID',1),('SCHDUL_ID',1),('SCRAP_ID',1),('SERVER_ID',1),('SEVEQ_ID',1),('SITE_ID',1),('SMS_ID',1),('SRCHWRD_ID',1),('SRCHWRD_MANAGEID',1),('SRCHWRD_MANAGE_I',1),('STSFDG_NO',1),('SVCRESMONTLOG_ID',1),('SVC_ID',1),('SYNCHRNSERVER_ID',1),('SYSLOG_ID',1),('SYS_ID',1),('TEST1',1),('TMPLAT_ID',1),('TROBL_ID',1),('TRSMRCVLOG_ID',1),('TR_MNTRNG_LOG_ID',1),('UNITY_LINK_ID',1),('USE_STPLAT_ID',3),('USRCNFRM_ID',3),('WEBLOG_ID',1),('WIKI_ID',1),('WIKMNTHNG_REPRT',1),('WORD_ID',1);
/*!40000 ALTER TABLE `comtecopseq` ENABLE KEYS */;
UNLOCK TABLES;

--
-- Table structure for table `comtnauthorgroupinfo`
--

DROP TABLE IF EXISTS `comtnauthorgroupinfo`;
/*!40101 SET @saved_cs_client     = @@character_set_client */;
/*!40101 SET character_set_client = utf8 */;
CREATE TABLE `comtnauthorgroupinfo` (
  `GROUP_ID` char(20) NOT NULL DEFAULT '',
  `GROUP_NM` varchar(60) NOT NULL,
  `GROUP_CREAT_DE` char(20) NOT NULL,
  `GROUP_DC` varchar(100) DEFAULT NULL,
  PRIMARY KEY (`GROUP_ID`),
  UNIQUE KEY `COMTNAUTHORGROUPINFO_PK` (`GROUP_ID`)
) ENGINE=InnoDB DEFAULT CHARSET=utf8;
/*!40101 SET character_set_client = @saved_cs_client */;

--
-- Dumping data for table `comtnauthorgroupinfo`
--

LOCK TABLES `comtnauthorgroupinfo` WRITE;
/*!40000 ALTER TABLE `comtnauthorgroupinfo` DISABLE KEYS */;
INSERT INTO `comtnauthorgroupinfo` VALUES ('GROUP_00000000000000','0번  그룹입니다','2015-01-15 13:44:10','0번  그룹입니다');
/*!40000 ALTER TABLE `comtnauthorgroupinfo` ENABLE KEYS */;
UNLOCK TABLES;

--
-- Table structure for table `comtnbbs`
--

DROP TABLE IF EXISTS `comtnbbs`;
/*!40101 SET @saved_cs_client     = @@character_set_client */;
/*!40101 SET character_set_client = utf8 */;
CREATE TABLE `comtnbbs` (
  `NTT_ID` decimal(20,0) NOT NULL,
  `BBS_ID` char(20) NOT NULL,
  `NTT_NO` decimal(20,0) DEFAULT NULL,
  `NTT_SJ` varchar(2000) DEFAULT NULL,
  `NTT_CN` mediumtext,
  `ANSWER_AT` char(1) DEFAULT NULL,
  `PARNTSCTT_NO` decimal(10,0) DEFAULT NULL,
  `ANSWER_LC` decimal(8,0) DEFAULT NULL,
  `SORT_ORDR` decimal(8,0) DEFAULT NULL,
  `RDCNT` decimal(10,0) DEFAULT NULL,
  `USE_AT` char(1) NOT NULL,
  `NTCE_BGNDE` char(20) DEFAULT NULL,
  `NTCE_ENDDE` char(20) DEFAULT NULL,
  `NTCR_ID` varchar(20) DEFAULT NULL,
  `NTCR_NM` varchar(20) DEFAULT NULL,
  `PASSWORD` varchar(200) DEFAULT NULL,
  `ATCH_FILE_ID` char(20) DEFAULT NULL,
  `FRST_REGIST_PNTTM` datetime NOT NULL,
  `FRST_REGISTER_ID` varchar(20) NOT NULL,
  `LAST_UPDT_PNTTM` datetime DEFAULT NULL,
  `LAST_UPDUSR_ID` varchar(20) DEFAULT NULL,
  PRIMARY KEY (`NTT_ID`,`BBS_ID`),
  UNIQUE KEY `COMTNBBS_PK` (`NTT_ID`,`BBS_ID`),
  KEY `COMTNBBS_i01` (`BBS_ID`),
  CONSTRAINT `comtnbbs_ibfk_1` FOREIGN KEY (`BBS_ID`) REFERENCES `comtnbbsmaster` (`BBS_ID`)
) ENGINE=InnoDB DEFAULT CHARSET=utf8;
/*!40101 SET character_set_client = @saved_cs_client */;

--
-- Dumping data for table `comtnbbs`
--

LOCK TABLES `comtnbbs` WRITE;
/*!40000 ALTER TABLE `comtnbbs` DISABLE KEYS */;
INSERT INTO `comtnbbs` VALUES (1,'BBSMSTR_000000000001',1,'호이호이','\r\n짱장짱 \r\n','N',0,0,1,7,'Y','10000101','99991231','','','','FILE_000000000000001','2015-01-15 15:04:07','USRCNFRM_00000000000','2015-01-19 12:18:11','USRCNFRM_00000000000'),(2,'BBSMSTR_000000000001',2,'RE: 호이호이','답글','Y',1,1,1,3,'Y','10000101','99991231','','','',NULL,'2015-01-19 12:18:22','USRCNFRM_00000000000','2015-01-19 12:58:18','USRCNFRM_00000000000'),(12,'BBSMSTR_000000000001',1,'민족문제연구소','ㅎㅎ','N',0,0,2,0,'Y','10000101','99991231','TEST1','더미사용자','',NULL,'2015-01-19 12:18:45','USRCNFRM_00000000000',NULL,NULL),(13,'BBSMSTR_000000000001',1,'우짜우짜','우짜우짜\r\n\r\n','N',0,0,3,1,'Y','10000101','99991231','TEST1','더미사용자','',NULL,'2015-01-19 12:21:48','USRCNFRM_00000000000','2015-01-19 13:02:25','USRCNFRM_00000000000'),(14,'BBSMSTR_000000000001',5,'RE: RE: 호이호이','우짜','Y',2,2,1,0,'Y','10000101','99991231','','','',NULL,'2015-01-19 12:41:32','USRCNFRM_00000000000',NULL,NULL),(15,'BBSMSTR_000000000001',4,'RE: RE: 호이호이','우짜','Y',2,2,1,0,'Y','10000101','99991231','','','',NULL,'2015-01-19 12:58:12','USRCNFRM_00000000000',NULL,NULL),(16,'BBSMSTR_000000000001',3,'RE: RE: 호이호이','ㄹㄷㄹㄷ','Y',2,2,1,0,'Y','10000101','99991231','','','',NULL,'2015-01-19 12:58:28','USRCNFRM_00000000000',NULL,NULL),(17,'BBSMSTR_000000000001',2,'RE: 우짜우짜','ㄹㄹ','Y',13,1,3,0,'Y','10000101','99991231','','','',NULL,'2015-01-19 13:02:33','USRCNFRM_00000000000',NULL,NULL);
/*!40000 ALTER TABLE `comtnbbs` ENABLE KEYS */;
UNLOCK TABLES;

--
-- Table structure for table `comtnbbsmaster`
--

DROP TABLE IF EXISTS `comtnbbsmaster`;
/*!40101 SET @saved_cs_client     = @@character_set_client */;
/*!40101 SET character_set_client = utf8 */;
CREATE TABLE `comtnbbsmaster` (
  `BBS_ID` char(20) NOT NULL,
  `BBS_NM` varchar(255) NOT NULL,
  `BBS_INTRCN` varchar(2400) DEFAULT NULL,
  `BBS_TY_CODE` char(6) NOT NULL,
  `BBS_ATTRB_CODE` char(6) NOT NULL,
  `REPLY_POSBL_AT` char(1) DEFAULT NULL,
  `FILE_ATCH_POSBL_AT` char(1) NOT NULL,
  `ATCH_POSBL_FILE_NUMBER` decimal(2,0) NOT NULL,
  `ATCH_POSBL_FILE_SIZE` decimal(8,0) DEFAULT NULL,
  `USE_AT` char(1) NOT NULL,
  `TMPLAT_ID` char(20) DEFAULT NULL,
  `FRST_REGISTER_ID` varchar(20) NOT NULL,
  `FRST_REGIST_PNTTM` datetime NOT NULL,
  `LAST_UPDUSR_ID` varchar(20) DEFAULT NULL,
  `LAST_UPDT_PNTTM` datetime DEFAULT NULL,
  PRIMARY KEY (`BBS_ID`),
  UNIQUE KEY `COMTNBBSMASTER_PK` (`BBS_ID`)
) ENGINE=InnoDB DEFAULT CHARSET=utf8;
/*!40101 SET character_set_client = @saved_cs_client */;

--
-- Dumping data for table `comtnbbsmaster`
--

LOCK TABLES `comtnbbsmaster` WRITE;
/*!40000 ALTER TABLE `comtnbbsmaster` DISABLE KEYS */;
INSERT INTO `comtnbbsmaster` VALUES ('BBSMSTR_000000000001','자유게시판','게시판소개','BBST01','BBSA03','Y','Y',3,NULL,'Y','TMPLAT_BOARD_DEFAULT','USRCNFRM_00000000000','2015-01-15 15:03:13',NULL,NULL);
/*!40000 ALTER TABLE `comtnbbsmaster` ENABLE KEYS */;
UNLOCK TABLES;

--
-- Table structure for table `comtnbbsmasteroptn`
--

DROP TABLE IF EXISTS `comtnbbsmasteroptn`;
/*!40101 SET @saved_cs_client     = @@character_set_client */;
/*!40101 SET character_set_client = utf8 */;
CREATE TABLE `comtnbbsmasteroptn` (
  `BBS_ID` char(20) NOT NULL,
  `ANSWER_AT` char(1) NOT NULL,
  `STSFDG_AT` char(1) NOT NULL,
  `FRST_REGIST_PNTTM` datetime NOT NULL,
  `LAST_UPDT_PNTTM` datetime DEFAULT NULL,
  `FRST_REGISTER_ID` varchar(20) NOT NULL,
  `LAST_UPDUSR_ID` varchar(20) DEFAULT NULL,
  PRIMARY KEY (`BBS_ID`),
  UNIQUE KEY `COMTNBBSMASTEROPTN_PK` (`BBS_ID`)
) ENGINE=InnoDB DEFAULT CHARSET=utf8;
/*!40101 SET character_set_client = @saved_cs_client */;

--
-- Dumping data for table `comtnbbsmasteroptn`
--

LOCK TABLES `comtnbbsmasteroptn` WRITE;
/*!40000 ALTER TABLE `comtnbbsmasteroptn` DISABLE KEYS */;
INSERT INTO `comtnbbsmasteroptn` VALUES ('BBSMSTR_000000000001','Y','N','2015-01-15 15:03:13',NULL,'USRCNFRM_00000000000',NULL);
/*!40000 ALTER TABLE `comtnbbsmasteroptn` ENABLE KEYS */;
UNLOCK TABLES;

--
-- Table structure for table `comtnbbsuse`
--

DROP TABLE IF EXISTS `comtnbbsuse`;
/*!40101 SET @saved_cs_client     = @@character_set_client */;
/*!40101 SET character_set_client = utf8 */;
CREATE TABLE `comtnbbsuse` (
  `BBS_ID` char(20) NOT NULL,
  `TRGET_ID` char(20) NOT NULL DEFAULT '',
  `USE_AT` char(1) NOT NULL,
  `REGIST_SE_CODE` char(6) DEFAULT NULL,
  `FRST_REGIST_PNTTM` datetime DEFAULT NULL,
  `FRST_REGISTER_ID` varchar(20) NOT NULL,
  `LAST_UPDT_PNTTM` datetime DEFAULT NULL,
  `LAST_UPDUSR_ID` varchar(20) DEFAULT NULL,
  PRIMARY KEY (`BBS_ID`,`TRGET_ID`),
  UNIQUE KEY `COMTNBBSUSE_PK` (`BBS_ID`,`TRGET_ID`),
  KEY `COMTNBBSUSE_i01` (`BBS_ID`),
  CONSTRAINT `comtnbbsuse_ibfk_1` FOREIGN KEY (`BBS_ID`) REFERENCES `comtnbbsmaster` (`BBS_ID`)
) ENGINE=InnoDB DEFAULT CHARSET=utf8;
/*!40101 SET character_set_client = @saved_cs_client */;

--
-- Dumping data for table `comtnbbsuse`
--

LOCK TABLES `comtnbbsuse` WRITE;
/*!40000 ALTER TABLE `comtnbbsuse` DISABLE KEYS */;
INSERT INTO `comtnbbsuse` VALUES ('BBSMSTR_000000000001','SYSTEM_DEFAULT_BOARD','Y','REGC01','2015-01-15 15:03:32','USRCNFRM_00000000000',NULL,NULL);
/*!40000 ALTER TABLE `comtnbbsuse` ENABLE KEYS */;
UNLOCK TABLES;

--
-- Table structure for table `comtnclub`
--

DROP TABLE IF EXISTS `comtnclub`;
/*!40101 SET @saved_cs_client     = @@character_set_client */;
/*!40101 SET character_set_client = utf8 */;
CREATE TABLE `comtnclub` (
  `CLB_ID` char(20) NOT NULL,
  `CMMNTY_ID` char(20) NOT NULL,
  `CLB_NM` varchar(255) NOT NULL,
  `CLB_INTRCN` varchar(2400) DEFAULT NULL,
  `USE_AT` char(1) NOT NULL,
  `REGIST_SE_CODE` char(6) DEFAULT NULL,
  `TMPLAT_ID` char(20) DEFAULT NULL,
  `FRST_REGIST_PNTTM` datetime NOT NULL,
  `FRST_REGISTER_ID` varchar(20) NOT NULL,
  `LAST_UPDT_PNTTM` datetime DEFAULT NULL,
  `LAST_UPDUSR_ID` varchar(20) DEFAULT NULL,
  PRIMARY KEY (`CLB_ID`,`CMMNTY_ID`),
  UNIQUE KEY `COMTNCLUB_PK` (`CLB_ID`,`CMMNTY_ID`)
) ENGINE=InnoDB DEFAULT CHARSET=utf8;
/*!40101 SET character_set_client = @saved_cs_client */;

--
-- Dumping data for table `comtnclub`
--

LOCK TABLES `comtnclub` WRITE;
/*!40000 ALTER TABLE `comtnclub` DISABLE KEYS */;
/*!40000 ALTER TABLE `comtnclub` ENABLE KEYS */;
UNLOCK TABLES;

--
-- Table structure for table `comtncmmnty`
--

DROP TABLE IF EXISTS `comtncmmnty`;
/*!40101 SET @saved_cs_client     = @@character_set_client */;
/*!40101 SET character_set_client = utf8 */;
CREATE TABLE `comtncmmnty` (
  `CMMNTY_ID` char(20) NOT NULL,
  `CMMNTY_NM` varchar(255) NOT NULL,
  `CMMNTY_INTRCN` varchar(2400) DEFAULT NULL,
  `USE_AT` char(1) NOT NULL,
  `REGIST_SE_CODE` char(6) DEFAULT NULL,
  `TMPLAT_ID` char(20) DEFAULT NULL,
  `FRST_REGIST_PNTTM` datetime NOT NULL,
  `FRST_REGISTER_ID` varchar(20) NOT NULL,
  `LAST_UPDT_PNTTM` datetime DEFAULT NULL,
  `LAST_UPDUSR_ID` varchar(20) DEFAULT NULL,
  PRIMARY KEY (`CMMNTY_ID`),
  UNIQUE KEY `COMTNCMMNTY_PK` (`CMMNTY_ID`)
) ENGINE=InnoDB DEFAULT CHARSET=utf8;
/*!40101 SET character_set_client = @saved_cs_client */;

--
-- Dumping data for table `comtncmmnty`
--

LOCK TABLES `comtncmmnty` WRITE;
/*!40000 ALTER TABLE `comtncmmnty` DISABLE KEYS */;
/*!40000 ALTER TABLE `comtncmmnty` ENABLE KEYS */;
UNLOCK TABLES;

--
-- Table structure for table `comtncomment`
--

DROP TABLE IF EXISTS `comtncomment`;
/*!40101 SET @saved_cs_client     = @@character_set_client */;
/*!40101 SET character_set_client = utf8 */;
CREATE TABLE `comtncomment` (
  `NTT_ID` decimal(20,0) NOT NULL,
  `BBS_ID` char(20) NOT NULL,
  `ANSWER_NO` decimal(20,0) NOT NULL,
  `WRTER_ID` varchar(20) DEFAULT NULL,
  `WRTER_NM` varchar(20) DEFAULT NULL,
  `ANSWER` varchar(200) DEFAULT NULL,
  `USE_AT` char(1) NOT NULL,
  `FRST_REGIST_PNTTM` datetime NOT NULL,
  `FRST_REGISTER_ID` varchar(20) NOT NULL,
  `LAST_UPDT_PNTTM` datetime DEFAULT NULL,
  `LAST_UPDUSR_ID` varchar(20) DEFAULT NULL,
  `PASSWORD` varchar(200) DEFAULT NULL,
  PRIMARY KEY (`NTT_ID`,`BBS_ID`,`ANSWER_NO`),
  UNIQUE KEY `COMTNCOMMENT_PK` (`NTT_ID`,`BBS_ID`,`ANSWER_NO`),
  KEY `COMTNCOMMENT_i01` (`NTT_ID`,`BBS_ID`),
  CONSTRAINT `comtncomment_ibfk_1` FOREIGN KEY (`NTT_ID`, `BBS_ID`) REFERENCES `comtnbbs` (`NTT_ID`, `BBS_ID`)
) ENGINE=InnoDB DEFAULT CHARSET=utf8;
/*!40101 SET character_set_client = @saved_cs_client */;

--
-- Dumping data for table `comtncomment`
--

LOCK TABLES `comtncomment` WRITE;
/*!40000 ALTER TABLE `comtncomment` DISABLE KEYS */;
/*!40000 ALTER TABLE `comtncomment` ENABLE KEYS */;
UNLOCK TABLES;

--
-- Table structure for table `comtnemplyrinfo`
--

DROP TABLE IF EXISTS `comtnemplyrinfo`;
/*!40101 SET @saved_cs_client     = @@character_set_client */;
/*!40101 SET character_set_client = utf8 */;
CREATE TABLE `comtnemplyrinfo` (
  `EMPLYR_ID` varchar(20) NOT NULL,
  `ORGNZT_ID` char(20) DEFAULT NULL,
  `USER_NM` varchar(60) NOT NULL,
  `PASSWORD` varchar(200) NOT NULL,
  `EMPL_NO` varchar(20) DEFAULT NULL,
  `IHIDNUM` varchar(200) DEFAULT NULL,
  `SEXDSTN_CODE` char(1) DEFAULT NULL,
  `BRTHDY` char(20) DEFAULT NULL,
  `FXNUM` varchar(20) DEFAULT NULL,
  `HOUSE_ADRES` varchar(100) NOT NULL,
  `PASSWORD_HINT` varchar(100) NOT NULL,
  `PASSWORD_CNSR` varchar(100) NOT NULL,
  `HOUSE_END_TELNO` varchar(4) NOT NULL,
  `AREA_NO` varchar(4) NOT NULL,
  `DETAIL_ADRES` varchar(100) DEFAULT NULL,
  `ZIP` varchar(6) NOT NULL,
  `OFFM_TELNO` varchar(20) DEFAULT NULL,
  `MBTLNUM` varchar(20) DEFAULT NULL,
  `EMAIL_ADRES` varchar(50) DEFAULT NULL,
  `OFCPS_NM` varchar(60) DEFAULT NULL,
  `HOUSE_MIDDLE_TELNO` varchar(4) NOT NULL,
  `GROUP_ID` char(20) DEFAULT NULL,
  `PSTINST_CODE` char(8) DEFAULT NULL,
  `EMPLYR_STTUS_CODE` char(1) NOT NULL,
  `ESNTL_ID` char(20) NOT NULL,
  `CRTFC_DN_VALUE` varchar(100) DEFAULT NULL,
  `SBSCRB_DE` datetime DEFAULT NULL,
  PRIMARY KEY (`EMPLYR_ID`),
  UNIQUE KEY `COMTNEMPLYRINFO_PK` (`EMPLYR_ID`),
  KEY `COMTNEMPLYRINFO_i01` (`ORGNZT_ID`),
  KEY `COMTNEMPLYRINFO_i02` (`GROUP_ID`),
  CONSTRAINT `comtnemplyrinfo_ibfk_1` FOREIGN KEY (`ORGNZT_ID`) REFERENCES `comtnorgnztinfo` (`ORGNZT_ID`) ON DELETE SET NULL,
  CONSTRAINT `comtnemplyrinfo_ibfk_2` FOREIGN KEY (`GROUP_ID`) REFERENCES `comtnauthorgroupinfo` (`GROUP_ID`) ON DELETE SET NULL
) ENGINE=InnoDB DEFAULT CHARSET=utf8;
/*!40101 SET character_set_client = @saved_cs_client */;

--
-- Dumping data for table `comtnemplyrinfo`
--

LOCK TABLES `comtnemplyrinfo` WRITE;
/*!40000 ALTER TABLE `comtnemplyrinfo` DISABLE KEYS */;
INSERT INTO `comtnemplyrinfo` VALUES ('TEST1','ORGNZT_0000000000000','테스트1','ysEMwlIYvHFjf1oNG80HsUherMAg6xYZZMwmkkPXuGk=','20112059',NULL,'F','20111130','1566-2059','서울 중구 무교동 한국정보화진흥원','P01','전자정부표준프레임워크센터','2059','02','전자정부표준프레임워크센터','100775','1566-2059','1566-2059','egovframesupport@gmail.com','관리자','1566','GROUP_00000000000000','00000001','P','USRCNFRM_00000000000','','2015-01-15 13:44:13'),('webmaster','ORGNZT_0000000000000','웹마스터','ysEMwlIYvHFjf1oNG80HsUherMAg6xYZZMwmkkPXuGk=','20112060',NULL,'F','20111130','1566-2059','서울특별시 중구 청계천로 14 - 0 한국정보사회진흥원','P01','전자정부표준프레임워크센터','2059','02','전자정부표준프레임워크센터','100775','1566-2059','1566-2059','egovframesupport@gmail.com','웹관리자','1566','GROUP_00000000000000','00000001','P','USRCNFRM_99999999999','','2015-01-15 13:44:13');
/*!40000 ALTER TABLE `comtnemplyrinfo` ENABLE KEYS */;
UNLOCK TABLES;

--
-- Table structure for table `comtnentrprsmber`
--

DROP TABLE IF EXISTS `comtnentrprsmber`;
/*!40101 SET @saved_cs_client     = @@character_set_client */;
/*!40101 SET character_set_client = utf8 */;
CREATE TABLE `comtnentrprsmber` (
  `ENTRPRS_MBER_ID` varchar(20) NOT NULL DEFAULT '',
  `ENTRPRS_SE_CODE` char(8) DEFAULT NULL,
  `BIZRNO` varchar(10) DEFAULT NULL,
  `JURIRNO` varchar(13) DEFAULT NULL,
  `CMPNY_NM` varchar(60) NOT NULL,
  `CXFC` varchar(50) DEFAULT NULL,
  `ZIP` varchar(6) NOT NULL,
  `ADRES` varchar(100) NOT NULL,
  `ENTRPRS_MIDDLE_TELNO` varchar(4) NOT NULL,
  `FXNUM` varchar(20) DEFAULT NULL,
  `INDUTY_CODE` char(1) DEFAULT NULL,
  `APPLCNT_NM` varchar(50) NOT NULL,
  `APPLCNT_IHIDNUM` varchar(200) DEFAULT NULL,
  `SBSCRB_DE` datetime DEFAULT NULL,
  `ENTRPRS_MBER_STTUS` varchar(15) DEFAULT NULL,
  `ENTRPRS_MBER_PASSWORD` varchar(200) DEFAULT NULL,
  `ENTRPRS_MBER_PASSWORD_HINT` varchar(100) NOT NULL,
  `ENTRPRS_MBER_PASSWORD_CNSR` varchar(100) NOT NULL,
  `GROUP_ID` char(20) DEFAULT NULL,
  `DETAIL_ADRES` varchar(100) DEFAULT NULL,
  `ENTRPRS_END_TELNO` varchar(4) NOT NULL,
  `AREA_NO` varchar(4) NOT NULL,
  `APPLCNT_EMAIL_ADRES` varchar(50) NOT NULL,
  `ESNTL_ID` char(20) NOT NULL,
  PRIMARY KEY (`ENTRPRS_MBER_ID`),
  UNIQUE KEY `COMTNENTRPRSMBER_PK` (`ENTRPRS_MBER_ID`),
  KEY `COMTNENTRPRSMBER_i01` (`GROUP_ID`),
  CONSTRAINT `comtnentrprsmber_ibfk_1` FOREIGN KEY (`GROUP_ID`) REFERENCES `comtnauthorgroupinfo` (`GROUP_ID`) ON DELETE SET NULL
) ENGINE=InnoDB DEFAULT CHARSET=utf8;
/*!40101 SET character_set_client = @saved_cs_client */;

--
-- Dumping data for table `comtnentrprsmber`
--

LOCK TABLES `comtnentrprsmber` WRITE;
/*!40000 ALTER TABLE `comtnentrprsmber` DISABLE KEYS */;
INSERT INTO `comtnentrprsmber` VALUES ('ENTERPRISE','C0000001','1008360001','1000310000011','NIA','이가브','100775','서울특별시 중구 청계천로 14 - 0 한국정보사회진흥원','1566','1566-2059','O','관리자',NULL,'2015-01-15 13:44:14','P','ysEMwlIYvHFjf1oNG80HsUherMAg6xYZZMwmkkPXuGk=','P01','전자정부표준프레임워크센터','GROUP_00000000000000','표준프레임워크센터','2059','02','egovframesupport@gmail.com','USRCNFRM_00000000002');
/*!40000 ALTER TABLE `comtnentrprsmber` ENABLE KEYS */;
UNLOCK TABLES;

--
-- Table structure for table `comtnfile`
--

DROP TABLE IF EXISTS `comtnfile`;
/*!40101 SET @saved_cs_client     = @@character_set_client */;
/*!40101 SET character_set_client = utf8 */;
CREATE TABLE `comtnfile` (
  `ATCH_FILE_ID` char(20) NOT NULL,
  `CREAT_DT` datetime NOT NULL,
  `USE_AT` char(1) DEFAULT NULL,
  PRIMARY KEY (`ATCH_FILE_ID`),
  UNIQUE KEY `COMTNFILE_PK` (`ATCH_FILE_ID`)
) ENGINE=InnoDB DEFAULT CHARSET=utf8;
/*!40101 SET character_set_client = @saved_cs_client */;

--
-- Dumping data for table `comtnfile`
--

LOCK TABLES `comtnfile` WRITE;
/*!40000 ALTER TABLE `comtnfile` DISABLE KEYS */;
INSERT INTO `comtnfile` VALUES ('FILE_000000000000001','2015-01-15 15:04:07','Y');
/*!40000 ALTER TABLE `comtnfile` ENABLE KEYS */;
UNLOCK TABLES;

--
-- Table structure for table `comtnfiledetail`
--

DROP TABLE IF EXISTS `comtnfiledetail`;
/*!40101 SET @saved_cs_client     = @@character_set_client */;
/*!40101 SET character_set_client = utf8 */;
CREATE TABLE `comtnfiledetail` (
  `ATCH_FILE_ID` char(20) NOT NULL,
  `FILE_SN` decimal(10,0) NOT NULL,
  `FILE_STRE_COURS` varchar(2000) NOT NULL,
  `STRE_FILE_NM` varchar(255) NOT NULL,
  `ORIGNL_FILE_NM` varchar(255) DEFAULT NULL,
  `FILE_EXTSN` varchar(20) NOT NULL,
  `FILE_CN` mediumtext,
  `FILE_SIZE` decimal(8,0) DEFAULT NULL,
  PRIMARY KEY (`ATCH_FILE_ID`,`FILE_SN`),
  UNIQUE KEY `COMTNFILEDETAIL_PK` (`ATCH_FILE_ID`,`FILE_SN`),
  KEY `COMTNFILEDETAIL_i01` (`ATCH_FILE_ID`),
  CONSTRAINT `comtnfiledetail_ibfk_1` FOREIGN KEY (`ATCH_FILE_ID`) REFERENCES `comtnfile` (`ATCH_FILE_ID`)
) ENGINE=InnoDB DEFAULT CHARSET=utf8;
/*!40101 SET character_set_client = @saved_cs_client */;

--
-- Dumping data for table `comtnfiledetail`
--

LOCK TABLES `comtnfiledetail` WRITE;
/*!40000 ALTER TABLE `comtnfiledetail` DISABLE KEYS */;
INSERT INTO `comtnfiledetail` VALUES ('FILE_000000000000001',0,'C:/egovframework/upload/','BBS_201501150304078250','이력서_송경영.docx','docx','',57526),('FILE_000000000000001',1,'C:/egovframework/upload/','BBS_201501191039119211','github설정.txt','txt','',9276);
/*!40000 ALTER TABLE `comtnfiledetail` ENABLE KEYS */;
UNLOCK TABLES;

--
-- Table structure for table `comtngnrlmber`
--

DROP TABLE IF EXISTS `comtngnrlmber`;
/*!40101 SET @saved_cs_client     = @@character_set_client */;
/*!40101 SET character_set_client = utf8 */;
CREATE TABLE `comtngnrlmber` (
  `MBER_ID` varchar(20) NOT NULL DEFAULT '',
  `PASSWORD` varchar(200) NOT NULL,
  `PASSWORD_HINT` varchar(100) DEFAULT NULL,
  `PASSWORD_CNSR` varchar(100) DEFAULT NULL,
  `IHIDNUM` varchar(200) DEFAULT NULL,
  `MBER_NM` varchar(50) NOT NULL,
  `ZIP` varchar(6) NOT NULL,
  `ADRES` varchar(100) NOT NULL,
  `AREA_NO` varchar(4) NOT NULL,
  `MBER_STTUS` varchar(15) DEFAULT NULL,
  `DETAIL_ADRES` varchar(100) DEFAULT NULL,
  `END_TELNO` varchar(4) NOT NULL,
  `MBTLNUM` varchar(20) NOT NULL,
  `GROUP_ID` char(20) DEFAULT NULL,
  `MBER_FXNUM` varchar(20) DEFAULT NULL,
  `MBER_EMAIL_ADRES` varchar(50) DEFAULT NULL,
  `MIDDLE_TELNO` varchar(4) NOT NULL,
  `SBSCRB_DE` datetime DEFAULT NULL,
  `SEXDSTN_CODE` char(1) DEFAULT NULL,
  `ESNTL_ID` char(20) NOT NULL,
  PRIMARY KEY (`MBER_ID`),
  UNIQUE KEY `COMTNGNRLMBER_PK` (`MBER_ID`),
  KEY `COMTNGNRLMBER_i01` (`GROUP_ID`),
  CONSTRAINT `comtngnrlmber_ibfk_1` FOREIGN KEY (`GROUP_ID`) REFERENCES `comtnauthorgroupinfo` (`GROUP_ID`) ON DELETE SET NULL
) ENGINE=InnoDB DEFAULT CHARSET=utf8;
/*!40101 SET character_set_client = @saved_cs_client */;

--
-- Dumping data for table `comtngnrlmber`
--

LOCK TABLES `comtngnrlmber` WRITE;
/*!40000 ALTER TABLE `comtngnrlmber` DISABLE KEYS */;
INSERT INTO `comtngnrlmber` VALUES ('USER','ysEMwlIYvHFjf1oNG80HsUherMAg6xYZZMwmkkPXuGk=','P01','전자정부표준프레임워크센터',NULL,'일반회원','100775','서울 중구 무교동 한국정보화진흥원','02','P','전자정부표준프레임워크센터','2059','1566-2059','GROUP_00000000000000','1566-2059','egovframesupport@gmail.com','1566','2015-01-15 13:44:13','F','USRCNFRM_00000000001');
/*!40000 ALTER TABLE `comtngnrlmber` ENABLE KEYS */;
UNLOCK TABLES;

--
-- Table structure for table `comtnorgnztinfo`
--

DROP TABLE IF EXISTS `comtnorgnztinfo`;
/*!40101 SET @saved_cs_client     = @@character_set_client */;
/*!40101 SET character_set_client = utf8 */;
CREATE TABLE `comtnorgnztinfo` (
  `ORGNZT_ID` char(20) NOT NULL DEFAULT '',
  `ORGNZT_NM` varchar(20) NOT NULL,
  `ORGNZT_DC` varchar(100) DEFAULT NULL,
  PRIMARY KEY (`ORGNZT_ID`),
  UNIQUE KEY `COMTNORGNZTINFO_PK` (`ORGNZT_ID`)
) ENGINE=InnoDB DEFAULT CHARSET=utf8;
/*!40101 SET character_set_client = @saved_cs_client */;

--
-- Dumping data for table `comtnorgnztinfo`
--

LOCK TABLES `comtnorgnztinfo` WRITE;
/*!40000 ALTER TABLE `comtnorgnztinfo` DISABLE KEYS */;
INSERT INTO `comtnorgnztinfo` VALUES ('ORGNZT_0000000000000','기본조직','기본조직');
/*!40000 ALTER TABLE `comtnorgnztinfo` ENABLE KEYS */;
UNLOCK TABLES;

--
-- Table structure for table `comtnrestde`
--

DROP TABLE IF EXISTS `comtnrestde`;
/*!40101 SET @saved_cs_client     = @@character_set_client */;
/*!40101 SET character_set_client = utf8 */;
CREATE TABLE `comtnrestde` (
  `RESTDE_NO` decimal(6,0) NOT NULL,
  `RESTDE` char(8) DEFAULT NULL,
  `RESTDE_NM` varchar(60) DEFAULT NULL,
  `RESTDE_DC` varchar(200) DEFAULT NULL,
  `RESTDE_SE_CODE` varchar(2) DEFAULT NULL,
  `FRST_REGIST_PNTTM` datetime DEFAULT NULL,
  `FRST_REGISTER_ID` varchar(20) DEFAULT NULL,
  `LAST_UPDT_PNTTM` datetime DEFAULT NULL,
  `LAST_UPDUSR_ID` varchar(20) DEFAULT NULL,
  PRIMARY KEY (`RESTDE_NO`),
  UNIQUE KEY `COMTNRESTDE_PK` (`RESTDE_NO`)
) ENGINE=InnoDB DEFAULT CHARSET=utf8;
/*!40101 SET character_set_client = @saved_cs_client */;

--
-- Dumping data for table `comtnrestde`
--

LOCK TABLES `comtnrestde` WRITE;
/*!40000 ALTER TABLE `comtnrestde` DISABLE KEYS */;
/*!40000 ALTER TABLE `comtnrestde` ENABLE KEYS */;
UNLOCK TABLES;

--
-- Table structure for table `comtnscrap`
--

DROP TABLE IF EXISTS `comtnscrap`;
/*!40101 SET @saved_cs_client     = @@character_set_client */;
/*!40101 SET character_set_client = utf8 */;
CREATE TABLE `comtnscrap` (
  `SCRAP_ID` char(20) NOT NULL,
  `NTT_ID` decimal(20,0) NOT NULL,
  `BBS_ID` char(20) NOT NULL,
  `SCRAP_NM` varchar(100) NOT NULL,
  `USE_AT` char(1) NOT NULL,
  `FRST_REGIST_PNTTM` datetime NOT NULL,
  `LAST_UPDT_PNTTM` datetime DEFAULT NULL,
  `FRST_REGISTER_ID` varchar(20) NOT NULL,
  `LAST_UPDUSR_ID` varchar(20) DEFAULT NULL,
  PRIMARY KEY (`SCRAP_ID`),
  UNIQUE KEY `COMTNSCRAP_PK` (`SCRAP_ID`)
) ENGINE=InnoDB DEFAULT CHARSET=utf8;
/*!40101 SET character_set_client = @saved_cs_client */;

--
-- Dumping data for table `comtnscrap`
--

LOCK TABLES `comtnscrap` WRITE;
/*!40000 ALTER TABLE `comtnscrap` DISABLE KEYS */;
/*!40000 ALTER TABLE `comtnscrap` ENABLE KEYS */;
UNLOCK TABLES;

--
-- Table structure for table `comtnstsfdg`
--

DROP TABLE IF EXISTS `comtnstsfdg`;
/*!40101 SET @saved_cs_client     = @@character_set_client */;
/*!40101 SET character_set_client = utf8 */;
CREATE TABLE `comtnstsfdg` (
  `STSFDG_NO` decimal(20,0) NOT NULL,
  `NTT_ID` decimal(20,0) NOT NULL,
  `BBS_ID` char(20) NOT NULL,
  `WRTER_ID` varchar(20) DEFAULT NULL,
  `WRTER_NM` varchar(20) DEFAULT NULL,
  `PASSWORD` varchar(200) DEFAULT NULL,
  `STSFDG` decimal(1,0) NOT NULL,
  `STSFDG_CN` varchar(200) DEFAULT NULL,
  `USE_AT` char(1) NOT NULL,
  `FRST_REGIST_PNTTM` datetime NOT NULL,
  `LAST_UPDT_PNTTM` datetime DEFAULT NULL,
  `FRST_REGISTER_ID` varchar(20) NOT NULL,
  `LAST_UPDUSR_ID` varchar(20) DEFAULT NULL,
  PRIMARY KEY (`STSFDG_NO`),
  UNIQUE KEY `COMTNSTSFDG_PK` (`STSFDG_NO`)
) ENGINE=InnoDB DEFAULT CHARSET=utf8;
/*!40101 SET character_set_client = @saved_cs_client */;

--
-- Dumping data for table `comtnstsfdg`
--

LOCK TABLES `comtnstsfdg` WRITE;
/*!40000 ALTER TABLE `comtnstsfdg` DISABLE KEYS */;
/*!40000 ALTER TABLE `comtnstsfdg` ENABLE KEYS */;
UNLOCK TABLES;

--
-- Table structure for table `comtntmplatinfo`
--

DROP TABLE IF EXISTS `comtntmplatinfo`;
/*!40101 SET @saved_cs_client     = @@character_set_client */;
/*!40101 SET character_set_client = utf8 */;
CREATE TABLE `comtntmplatinfo` (
  `TMPLAT_ID` char(20) NOT NULL DEFAULT '',
  `TMPLAT_NM` varchar(255) DEFAULT NULL,
  `TMPLAT_COURS` varchar(2000) DEFAULT NULL,
  `USE_AT` char(1) DEFAULT NULL,
  `TMPLAT_SE_CODE` char(6) DEFAULT NULL,
  `FRST_REGISTER_ID` varchar(20) DEFAULT NULL,
  `FRST_REGIST_PNTTM` datetime DEFAULT NULL,
  `LAST_UPDUSR_ID` varchar(20) DEFAULT NULL,
  `LAST_UPDT_PNTTM` datetime DEFAULT NULL,
  PRIMARY KEY (`TMPLAT_ID`),
  UNIQUE KEY `COMTNTMPLATINFO_PK` (`TMPLAT_ID`)
) ENGINE=InnoDB DEFAULT CHARSET=utf8;
/*!40101 SET character_set_client = @saved_cs_client */;

--
-- Dumping data for table `comtntmplatinfo`
--

LOCK TABLES `comtntmplatinfo` WRITE;
/*!40000 ALTER TABLE `comtntmplatinfo` DISABLE KEYS */;
INSERT INTO `comtntmplatinfo` VALUES ('TMPLAT_BOARD_DEFAULT','게시판 기본템플릿','/css/egovframework/com/cop/tpl/egovbbsTemplate.css','Y','TMPT01','SYSTEM','2015-01-15 13:44:12','USRCNFRM_00000000000','2015-01-15 13:52:03'),('TMPLAT_CLUB__DEFAULT','동호회 기본템플릿','egovframework/com/cop/tpl/EgovClbBaseTmpl','Y','TMPT03','SYSTEM','2015-01-15 13:44:12',NULL,NULL),('TMPLAT_CMNTY_DEFAULT','커뮤니티 기본템플릿','egovframework/com/cop/tpl/EgovCmmntyBaseTmpl','Y','TMPT02','SYSTEM','2015-01-15 13:44:12',NULL,NULL);
/*!40000 ALTER TABLE `comtntmplatinfo` ENABLE KEYS */;
UNLOCK TABLES;

--
-- Temporary view structure for view `comvnusermaster`
--

DROP TABLE IF EXISTS `comvnusermaster`;
/*!50001 DROP VIEW IF EXISTS `comvnusermaster`*/;
SET @saved_cs_client     = @@character_set_client;
SET character_set_client = utf8;
/*!50001 CREATE VIEW `comvnusermaster` AS SELECT 
 1 AS `ESNTL_ID`,
 1 AS `USER_ID`,
 1 AS `PASSWORD`,
 1 AS `USER_NM`,
 1 AS `USER_ZIP`,
 1 AS `USER_ADRES`,
 1 AS `USER_EMAIL`,
 1 AS `GROUP_ID`,
 1 AS `USER_SE`,
 1 AS `ORGNZT_ID`*/;
SET character_set_client = @saved_cs_client;

--
-- Table structure for table `ids`
--

DROP TABLE IF EXISTS `ids`;
/*!40101 SET @saved_cs_client     = @@character_set_client */;
/*!40101 SET character_set_client = utf8 */;
CREATE TABLE `ids` (
  `TABLE_NAME` varchar(16) NOT NULL,
  `NEXT_ID` decimal(30,0) NOT NULL,
  PRIMARY KEY (`TABLE_NAME`)
) ENGINE=InnoDB DEFAULT CHARSET=utf8;
/*!40101 SET character_set_client = @saved_cs_client */;

--
-- Dumping data for table `ids`
--

LOCK TABLES `ids` WRITE;
/*!40000 ALTER TABLE `ids` DISABLE KEYS */;
INSERT INTO `ids` VALUES ('SAMPLE',17);
/*!40000 ALTER TABLE `ids` ENABLE KEYS */;
UNLOCK TABLES;

--
-- Table structure for table `sample`
--

DROP TABLE IF EXISTS `sample`;
/*!40101 SET @saved_cs_client     = @@character_set_client */;
/*!40101 SET character_set_client = utf8 */;
CREATE TABLE `sample` (
  `ID` varchar(16) NOT NULL,
  `NAME` varchar(50) DEFAULT NULL,
  `DESCRIPTION` varchar(100) DEFAULT NULL,
  `USE_YN` char(1) DEFAULT NULL,
  `REG_USER` varchar(10) DEFAULT NULL,
  PRIMARY KEY (`ID`)
) ENGINE=InnoDB DEFAULT CHARSET=utf8;
/*!40101 SET character_set_client = @saved_cs_client */;

--
-- Dumping data for table `sample`
--

LOCK TABLES `sample` WRITE;
/*!40000 ALTER TABLE `sample` DISABLE KEYS */;
INSERT INTO `sample` VALUES ('SAMPLE-00001','Runtime Environment','Foundation Layer','Y','eGov'),('SAMPLE-00002','Runtime Environment','Persistence Layer','Y','eGov'),('SAMPLE-00003','Runtime Environment','Presentation Layer','Y','eGov'),('SAMPLE-00004','Runtime Environment','Business Layer','Y','eGov'),('SAMPLE-00005','Runtime Environment','Batch Layer','Y','eGov'),('SAMPLE-00006','Runtime Environment','Integration Layer','Y','eGov'),('SAMPLE-00007','카테고리명','Description','Y','홍길동');
/*!40000 ALTER TABLE `sample` ENABLE KEYS */;
UNLOCK TABLES;

--
-- Final view structure for view `comvnusermaster`
--

/*!50001 DROP VIEW IF EXISTS `comvnusermaster`*/;
/*!50001 SET @saved_cs_client          = @@character_set_client */;
/*!50001 SET @saved_cs_results         = @@character_set_results */;
/*!50001 SET @saved_col_connection     = @@collation_connection */;
/*!50001 SET character_set_client      = utf8 */;
/*!50001 SET character_set_results     = utf8 */;
/*!50001 SET collation_connection      = utf8_general_ci */;
/*!50001 CREATE ALGORITHM=UNDEFINED */
/*!50013 DEFINER=`kysong`@`localhost` SQL SECURITY DEFINER */
/*!50001 VIEW `comvnusermaster` AS select `comtngnrlmber`.`ESNTL_ID` AS `ESNTL_ID`,`comtngnrlmber`.`MBER_ID` AS `USER_ID`,`comtngnrlmber`.`PASSWORD` AS `PASSWORD`,`comtngnrlmber`.`MBER_NM` AS `USER_NM`,`comtngnrlmber`.`ZIP` AS `USER_ZIP`,`comtngnrlmber`.`ADRES` AS `USER_ADRES`,`comtngnrlmber`.`MBER_EMAIL_ADRES` AS `USER_EMAIL`,' ' AS `GROUP_ID`,'GNR' AS `USER_SE`,' ' AS `ORGNZT_ID` from `comtngnrlmber` union all select `comtnemplyrinfo`.`ESNTL_ID` AS `ESNTL_ID`,`comtnemplyrinfo`.`EMPLYR_ID` AS `EMPLYR_ID`,`comtnemplyrinfo`.`PASSWORD` AS `PASSWORD`,`comtnemplyrinfo`.`USER_NM` AS `USER_NM`,`comtnemplyrinfo`.`ZIP` AS `ZIP`,`comtnemplyrinfo`.`HOUSE_ADRES` AS `HOUSE_ADRES`,`comtnemplyrinfo`.`EMAIL_ADRES` AS `EMAIL_ADRES`,`comtnemplyrinfo`.`GROUP_ID` AS `GROUP_ID`,'USR' AS `USER_SE`,`comtnemplyrinfo`.`ORGNZT_ID` AS `ORGNZT_ID` from `comtnemplyrinfo` union all select `comtnentrprsmber`.`ESNTL_ID` AS `ESNTL_ID`,`comtnentrprsmber`.`ENTRPRS_MBER_ID` AS `ENTRPRS_MBER_ID`,`comtnentrprsmber`.`ENTRPRS_MBER_PASSWORD` AS `ENTRPRS_MBER_PASSWORD`,`comtnentrprsmber`.`CMPNY_NM` AS `CMPNY_NM`,`comtnentrprsmber`.`ZIP` AS `ZIP`,`comtnentrprsmber`.`ADRES` AS `ADRES`,`comtnentrprsmber`.`APPLCNT_EMAIL_ADRES` AS `APPLCNT_EMAIL_ADRES`,' ' AS ``,'ENT' AS `USER_SE`,' ' AS `ORGNZT_ID` from `comtnentrprsmber` order by `ESNTL_ID` */;
/*!50001 SET character_set_client      = @saved_cs_client */;
/*!50001 SET character_set_results     = @saved_cs_results */;
/*!50001 SET collation_connection      = @saved_col_connection */;
/*!40103 SET TIME_ZONE=@OLD_TIME_ZONE */;

/*!40101 SET SQL_MODE=@OLD_SQL_MODE */;
/*!40014 SET FOREIGN_KEY_CHECKS=@OLD_FOREIGN_KEY_CHECKS */;
/*!40014 SET UNIQUE_CHECKS=@OLD_UNIQUE_CHECKS */;
/*!40101 SET CHARACTER_SET_CLIENT=@OLD_CHARACTER_SET_CLIENT */;
/*!40101 SET CHARACTER_SET_RESULTS=@OLD_CHARACTER_SET_RESULTS */;
/*!40101 SET COLLATION_CONNECTION=@OLD_COLLATION_CONNECTION */;
/*!40111 SET SQL_NOTES=@OLD_SQL_NOTES */;

-- Dump completed on 2015-01-19 22:19:05
